TransactionID,CourseID,TeacherID
TX00001,C001,T001
TX00002,C001,T001
TX00003,C001,T001
TX00004,C001,T001
TX00005,C001,T001
TX00006,C001,T001
TX00007,C001,T001
TX00008,C001,T001
TX00009,C001,T001
TX00010,C001,T001
TX00011,C001,T001
TX00012,C001,T001
TX00013,C001,T001
TX00014,C001,T001
TX00015,C001,T001
TX00016,C001,T001
TX00017,C001,T001
TX00018,C001,T001
TX00019,C001,T001
TX00020,C001,T001
TX00021,C001,T001
TX00022,C001,T001
TX00023,C001,T001
TX00024,C001,T001
TX00025,C001,T001
TX00026,C001,T001
TX00027,C001,T001
TX00028,C001,T001
TX00029,C001,T001
TX00030,C001,T001
TX00031,C001,T001
TX00032,C001,T001
TX00033,C001,T001
TX00034,C001,T001
TX00035,C001,T001
TX00036,C001,T001
TX00037,C001,T001
TX00038,C001,T001
TX00039,C001,T001
TX00040,C001,T001
TX00041,C001,T001
TX00042,C001,T001
TX00043,C001,T001
TX00044,C001,T001
TX00045,C001,T001
TX00046,C001,T001
TX00047,C001,T001
TX00048,C001,T001
TX00049,C001,T001
TX00050,C001,T001
TX00051,C001,T001
TX00052,C001,T001
TX00053,C001,T001
TX00054,C001,T001
TX00055,C001,T001
TX00056,C001,T001
TX00057,C001,T001
TX00058,C001,T001
TX00059,C001,T001
TX00060,C001,T001
TX00061,C001,T001
TX00062,C001,T001
TX00063,C001,T001
TX00064,C001,T001
TX00065,C001,T001
TX00066,C001,T001
TX00067,C001,T001
TX00068,C001,T001
TX00069,C001,T001
TX00070,C001,T001
TX00071,C001,T001
TX00072,C001,T001
TX00073,C002,T002
TX00074,C002,T002
TX00075,C002,T002
TX00076,C002,T002
TX00077,C002,T002
TX00078,C002,T002
TX00079,C002,T002
TX00080,C002,T002
TX00081,C002,T002
TX00082,C002,T002
TX00083,C002,T002
TX00084,C002,T002
TX00085,C002,T002
TX00086,C002,T002
TX00087,C002,T002
TX00088,C002,T002
TX00089,C002,T002
TX00090,C002,T002
TX00091,C002,T002
TX00092,C002,T002
TX00093,C002,T002
TX00094,C002,T002
TX00095,C002,T002
TX00096,C002,T002
TX00097,C002,T002
TX00098,C002,T002
TX00099,C002,T002
TX00100,C002,T002
TX00101,C002,T002
TX00102,C002,T002
TX00103,C002,T002
TX00104,C002,T002
TX00105,C002,T002
TX00106,C002,T002
TX00107,C002,T002
TX00108,C002,T002
TX00109,C002,T002
TX00110,C002,T002
TX00111,C002,T002
TX00112,C002,T002
TX00113,C002,T002
TX00114,C002,T002
TX00115,C002,T002
TX00116,C002,T002
TX00117,C003,T003
TX00118,C003,T003
TX00119,C003,T003
TX00120,C003,T003
TX00121,C003,T003
TX00122,C003,T003
TX00123,C003,T003
TX00124,C003,T003
TX00125,C003,T003
TX00126,C003,T003
TX00127,C003,T003
TX00128,C003,T003
TX00129,C003,T003
TX00130,C003,T003
TX00131,C003,T003
TX00132,C003,T003
TX00133,C003,T003
TX00134,C003,T003
TX00135,C003,T003
TX00136,C003,T003
TX00137,C003,T003
TX00138,C003,T003
TX00139,C003,T003
TX00140,C003,T003
TX00141,C003,T003
TX00142,C003,T003
TX00143,C003,T003
TX00144,C003,T003
TX00145,C003,T003
TX00146,C003,T003
TX00147,C003,T003
TX00148,C003,T003
TX00149,C003,T003
TX00150,C003,T003
TX00151,C003,T003
TX00152,C003,T003
TX00153,C003,T003
TX00154,C003,T003
TX00155,C003,T003
TX00156,C003,T003
TX00157,C003,T003
TX00158,C003,T003
TX00159,C003,T003
TX00160,C003,T003
TX00161,C003,T003
TX00162,C003,T003
TX00163,C003,T003
TX00164,C003,T003
TX00165,C003,T003
TX00166,C004,T004
TX00167,C004,T004
TX00168,C004,T004
TX00169,C004,T004
TX00170,C004,T004
TX00171,C004,T004
TX00172,C004,T004
TX00173,C004,T004
TX00174,C004,T004
TX00175,C004,T004
TX00176,C004,T004
TX00177,C004,T004
TX00178,C004,T004
TX00179,C004,T004
TX00180,C004,T004
TX00181,C004,T004
TX00182,C004,T004
TX00183,C004,T004
TX00184,C004,T004
TX00185,C004,T004
TX00186,C004,T004
TX00187,C004,T004
TX00188,C004,T004
TX00189,C004,T004
TX00190,C004,T004
TX00191,C004,T004
TX00192,C004,T004
TX00193,C004,T004
TX00194,C004,T004
TX00195,C004,T004
TX00196,C004,T004
TX00197,C004,T004
TX00198,C004,T004
TX00199,C004,T004
TX00200,C004,T004
TX00201,C004,T004
TX00202,C004,T004
TX00203,C004,T004
TX00204,C004,T004
TX00205,C004,T004
TX00206,C004,T004
TX00207,C004,T004
TX00208,C004,T004
TX00209,C004,T004
TX00210,C004,T004
TX00211,C004,T004
TX00212,C004,T004
TX00213,C004,T004
TX00214,C004,T004
TX00215,C004,T004
TX00216,C004,T004
TX00217,C004,T004
TX00218,C004,T004
TX00219,C004,T004
TX00220,C004,T004
TX00221,C004,T004
TX00222,C004,T004
TX00223,C004,T004
TX00224,C004,T004
TX00225,C004,T004
TX00226,C004,T004
TX00227,C005,T005
TX00228,C005,T005
TX00229,C005,T005
TX00230,C005,T005
TX00231,C005,T005
TX00232,C005,T005
TX00233,C005,T005
TX00234,C005,T005
TX00235,C005,T005
TX00236,C005,T005
TX00237,C005,T005
TX00238,C005,T005
TX00239,C005,T005
TX00240,C005,T005
TX00241,C005,T005
TX00242,C005,T005
TX00243,C005,T005
TX00244,C005,T005
TX00245,C005,T005
TX00246,C005,T005
TX00247,C005,T005
TX00248,C005,T005
TX00249,C005,T005
TX00250,C005,T005
TX00251,C005,T005
TX00252,C005,T005
TX00253,C005,T005
TX00254,C005,T005
TX00255,C005,T005
TX00256,C005,T005
TX00257,C005,T005
TX00258,C005,T005
TX00259,C005,T005
TX00260,C005,T005
TX00261,C005,T005
TX00262,C005,T005
TX00263,C005,T005
TX00264,C005,T005
TX00265,C005,T005
TX00266,C005,T005
TX00267,C005,T005
TX00268,C005,T005
TX00269,C005,T005
TX00270,C006,T006
TX00271,C006,T006
TX00272,C006,T006
TX00273,C006,T006
TX00274,C006,T006
TX00275,C006,T006
TX00276,C006,T006
TX00277,C006,T006
TX00278,C006,T006
TX00279,C006,T006
TX00280,C006,T006
TX00281,C006,T006
TX00282,C006,T006
TX00283,C006,T006
TX00284,C006,T006
TX00285,C006,T006
TX00286,C006,T006
TX00287,C006,T006
TX00288,C006,T006
TX00289,C006,T006
TX00290,C006,T006
TX00291,C006,T006
TX00292,C006,T006
TX00293,C006,T006
TX00294,C006,T006
TX00295,C006,T006
TX00296,C006,T006
TX00297,C006,T006
TX00298,C006,T006
TX00299,C006,T006
TX00300,C006,T006
TX00301,C006,T006
TX00302,C006,T006
TX00303,C006,T006
TX00304,C006,T006
TX00305,C006,T006
TX00306,C006,T006
TX00307,C006,T006
TX00308,C006,T006
TX00309,C006,T006
TX00310,C006,T006
TX00311,C006,T006
TX00312,C006,T006
TX00313,C006,T006
TX00314,C006,T006
TX00315,C006,T006
TX00316,C006,T006
TX00317,C006,T006
TX00318,C006,T006
TX00319,C006,T006
TX00320,C006,T006
TX00321,C006,T006
TX00322,C007,T007
TX00323,C007,T007
TX00324,C007,T007
TX00325,C007,T007
TX00326,C007,T007
TX00327,C007,T007
TX00328,C007,T007
TX00329,C007,T007
TX00330,C007,T007
TX00331,C007,T007
TX00332,C007,T007
TX00333,C007,T007
TX00334,C007,T007
TX00335,C007,T007
TX00336,C007,T007
TX00337,C007,T007
TX00338,C007,T007
TX00339,C007,T007
TX00340,C007,T007
TX00341,C007,T007
TX00342,C007,T007
TX00343,C007,T007
TX00344,C007,T007
TX00345,C007,T007
TX00346,C007,T007
TX00347,C007,T007
TX00348,C007,T007
TX00349,C007,T007
TX00350,C007,T007
TX00351,C007,T007
TX00352,C007,T007
TX00353,C007,T007
TX00354,C007,T007
TX00355,C007,T007
TX00356,C007,T007
TX00357,C007,T007
TX00358,C007,T007
TX00359,C007,T007
TX00360,C007,T007
TX00361,C007,T007
TX00362,C007,T007
TX00363,C007,T007
TX00364,C007,T007
TX00365,C007,T007
TX00366,C007,T007
TX00367,C007,T007
TX00368,C007,T007
TX00369,C007,T007
TX00370,C007,T007
TX00371,C007,T007
TX00372,C007,T007
TX00373,C007,T007
TX00374,C007,T007
TX00375,C007,T007
TX00376,C008,T008
TX00377,C008,T008
TX00378,C008,T008
TX00379,C008,T008
TX00380,C008,T008
TX00381,C008,T008
TX00382,C008,T008
TX00383,C008,T008
TX00384,C008,T008
TX00385,C008,T008
TX00386,C008,T008
TX00387,C008,T008
TX00388,C008,T008
TX00389,C008,T008
TX00390,C008,T008
TX00391,C008,T008
TX00392,C008,T008
TX00393,C008,T008
TX00394,C008,T008
TX00395,C008,T008
TX00396,C008,T008
TX00397,C008,T008
TX00398,C008,T008
TX00399,C008,T008
TX00400,C008,T008
TX00401,C008,T008
TX00402,C008,T008
TX00403,C008,T008
TX00404,C008,T008
TX00405,C008,T008
TX00406,C008,T008
TX00407,C008,T008
TX00408,C008,T008
TX00409,C008,T008
TX00410,C008,T008
TX00411,C008,T008
TX00412,C008,T008
TX00413,C008,T008
TX00414,C008,T008
TX00415,C008,T008
TX00416,C008,T008
TX00417,C008,T008
TX00418,C008,T008
TX00419,C008,T008
TX00420,C008,T008
TX00421,C008,T008
TX00422,C008,T008
TX00423,C009,T009
TX00424,C009,T009
TX00425,C009,T009
TX00426,C009,T009
TX00427,C009,T009
TX00428,C009,T009
TX00429,C009,T009
TX00430,C009,T009
TX00431,C009,T009
TX00432,C009,T009
TX00433,C009,T009
TX00434,C009,T009
TX00435,C009,T009
TX00436,C009,T009
TX00437,C009,T009
TX00438,C009,T009
TX00439,C009,T009
TX00440,C009,T009
TX00441,C009,T009
TX00442,C009,T009
TX00443,C009,T009
TX00444,C009,T009
TX00445,C009,T009
TX00446,C009,T009
TX00447,C009,T009
TX00448,C009,T009
TX00449,C009,T009
TX00450,C009,T009
TX00451,C009,T009
TX00452,C009,T009
TX00453,C009,T009
TX00454,C009,T009
TX00455,C009,T009
TX00456,C009,T009
TX00457,C009,T009
TX00458,C009,T009
TX00459,C009,T009
TX00460,C009,T009
TX00461,C009,T009
TX00462,C009,T009
TX00463,C009,T009
TX00464,C009,T009
TX00465,C009,T009
TX00466,C009,T009
TX00467,C009,T009
TX00468,C009,T009
TX00469,C009,T009
TX00470,C009,T009
TX00471,C010,T010
TX00472,C010,T010
TX00473,C010,T010
TX00474,C010,T010
TX00475,C010,T010
TX00476,C010,T010
TX00477,C010,T010
TX00478,C010,T010
TX00479,C010,T010
TX00480,C010,T010
TX00481,C010,T010
TX00482,C010,T010
TX00483,C010,T010
TX00484,C010,T010
TX00485,C010,T010
TX00486,C010,T010
TX00487,C010,T010
TX00488,C010,T010
TX00489,C010,T010
TX00490,C010,T010
TX00491,C010,T010
TX00492,C010,T010
TX00493,C010,T010
TX00494,C010,T010
TX00495,C010,T010
TX00496,C010,T010
TX00497,C010,T010
TX00498,C010,T010
TX00499,C010,T010
TX00500,C010,T010
TX00501,C010,T010
TX00502,C010,T010
TX00503,C010,T010
TX00504,C010,T010
TX00505,C010,T010
TX00506,C010,T010
TX00507,C010,T010
TX00508,C010,T010
TX00509,C010,T010
TX00510,C010,T010
TX00511,C010,T010
TX00512,C010,T010
TX00513,C010,T010
TX00514,C010,T010
TX00515,C010,T010
TX00516,C010,T010
TX00517,C010,T010
TX00518,C010,T010
TX00519,C010,T010
TX00520,C010,T010
TX00521,C010,T010
TX00522,C010,T010
TX00523,C010,T010
TX00524,C010,T010
TX00525,C010,T010
TX00526,C011,T011
TX00527,C011,T011
TX00528,C011,T011
TX00529,C011,T011
TX00530,C011,T011
TX00531,C011,T011
TX00532,C011,T011
TX00533,C011,T011
TX00534,C011,T011
TX00535,C011,T011
TX00536,C011,T011
TX00537,C011,T011
TX00538,C011,T011
TX00539,C011,T011
TX00540,C011,T011
TX00541,C011,T011
TX00542,C011,T011
TX00543,C011,T011
TX00544,C011,T011
TX00545,C011,T011
TX00546,C011,T011
TX00547,C011,T011
TX00548,C011,T011
TX00549,C011,T011
TX00550,C011,T011
TX00551,C011,T011
TX00552,C011,T011
TX00553,C011,T011
TX00554,C011,T011
TX00555,C011,T011
TX00556,C011,T011
TX00557,C011,T011
TX00558,C011,T011
TX00559,C011,T011
TX00560,C011,T011
TX00561,C011,T011
TX00562,C011,T011
TX00563,C011,T011
TX00564,C011,T011
TX00565,C011,T011
TX00566,C011,T011
TX00567,C011,T011
TX00568,C011,T011
TX00569,C011,T011
TX00570,C011,T011
TX00571,C011,T011
TX00572,C011,T011
TX00573,C011,T011
TX00574,C011,T011
TX00575,C011,T011
TX00576,C012,T012
TX00577,C012,T012
TX00578,C012,T012
TX00579,C012,T012
TX00580,C012,T012
TX00581,C012,T012
TX00582,C012,T012
TX00583,C012,T012
TX00584,C012,T012
TX00585,C012,T012
TX00586,C012,T012
TX00587,C012,T012
TX00588,C012,T012
TX00589,C012,T012
TX00590,C012,T012
TX00591,C012,T012
TX00592,C012,T012
TX00593,C012,T012
TX00594,C012,T012
TX00595,C012,T012
TX00596,C012,T012
TX00597,C012,T012
TX00598,C012,T012
TX00599,C012,T012
TX00600,C012,T012
TX00601,C012,T012
TX00602,C012,T012
TX00603,C012,T012
TX00604,C012,T012
TX00605,C012,T012
TX00606,C012,T012
TX00607,C012,T012
TX00608,C012,T012
TX00609,C012,T012
TX00610,C012,T012
TX00611,C012,T012
TX00612,C012,T012
TX00613,C012,T012
TX00614,C012,T012
TX00615,C012,T012
TX00616,C012,T012
TX00617,C012,T012
TX00618,C013,T013
TX00619,C013,T013
TX00620,C013,T013
TX00621,C013,T013
TX00622,C013,T013
TX00623,C013,T013
TX00624,C013,T013
TX00625,C013,T013
TX00626,C013,T013
TX00627,C013,T013
TX00628,C013,T013
TX00629,C013,T013
TX00630,C013,T013
TX00631,C013,T013
TX00632,C013,T013
TX00633,C013,T013
TX00634,C013,T013
TX00635,C013,T013
TX00636,C013,T013
TX00637,C013,T013
TX00638,C013,T013
TX00639,C013,T013
TX00640,C013,T013
TX00641,C013,T013
TX00642,C013,T013
TX00643,C013,T013
TX00644,C013,T013
TX00645,C013,T013
TX00646,C013,T013
TX00647,C013,T013
TX00648,C013,T013
TX00649,C013,T013
TX00650,C013,T013
TX00651,C013,T013
TX00652,C013,T013
TX00653,C013,T013
TX00654,C013,T013
TX00655,C013,T013
TX00656,C013,T013
TX00657,C013,T013
TX00658,C013,T013
TX00659,C013,T013
TX00660,C013,T013
TX00661,C013,T013
TX00662,C013,T013
TX00663,C013,T013
TX00664,C013,T013
TX00665,C013,T013
TX00666,C013,T013
TX00667,C013,T013
TX00668,C013,T013
TX00669,C013,T013
TX00670,C013,T013
TX00671,C013,T013
TX00672,C013,T013
TX00673,C013,T013
TX00674,C013,T013
TX00675,C013,T013
TX00676,C013,T013
TX00677,C013,T013
TX00678,C013,T013
TX00679,C013,T013
TX00680,C013,T013
TX00681,C013,T013
TX00682,C013,T013
TX00683,C014,T014
TX00684,C014,T014
TX00685,C014,T014
TX00686,C014,T014
TX00687,C014,T014
TX00688,C014,T014
TX00689,C014,T014
TX00690,C014,T014
TX00691,C014,T014
TX00692,C014,T014
TX00693,C014,T014
TX00694,C014,T014
TX00695,C014,T014
TX00696,C014,T014
TX00697,C014,T014
TX00698,C014,T014
TX00699,C014,T014
TX00700,C014,T014
TX00701,C014,T014
TX00702,C014,T014
TX00703,C014,T014
TX00704,C014,T014
TX00705,C014,T014
TX00706,C014,T014
TX00707,C014,T014
TX00708,C014,T014
TX00709,C014,T014
TX00710,C014,T014
TX00711,C014,T014
TX00712,C014,T014
TX00713,C014,T014
TX00714,C014,T014
TX00715,C014,T014
TX00716,C014,T014
TX00717,C014,T014
TX00718,C014,T014
TX00719,C014,T014
TX00720,C014,T014
TX00721,C014,T014
TX00722,C014,T014
TX00723,C015,T015
TX00724,C015,T015
TX00725,C015,T015
TX00726,C015,T015
TX00727,C015,T015
TX00728,C015,T015
TX00729,C015,T015
TX00730,C015,T015
TX00731,C015,T015
TX00732,C015,T015
TX00733,C015,T015
TX00734,C015,T015
TX00735,C015,T015
TX00736,C015,T015
TX00737,C015,T015
TX00738,C015,T015
TX00739,C015,T015
TX00740,C015,T015
TX00741,C015,T015
TX00742,C015,T015
TX00743,C015,T015
TX00744,C015,T015
TX00745,C015,T015
TX00746,C015,T015
TX00747,C015,T015
TX00748,C015,T015
TX00749,C015,T015
TX00750,C015,T015
TX00751,C015,T015
TX00752,C015,T015
TX00753,C015,T015
TX00754,C015,T015
TX00755,C015,T015
TX00756,C015,T015
TX00757,C015,T015
TX00758,C015,T015
TX00759,C015,T015
TX00760,C015,T015
TX00761,C015,T015
TX00762,C015,T015
TX00763,C015,T015
TX00764,C015,T015
TX00765,C015,T015
TX00766,C015,T015
TX00767,C015,T015
TX00768,C015,T015
TX00769,C015,T015
TX00770,C015,T015
TX00771,C015,T015
TX00772,C015,T015
TX00773,C015,T015
TX00774,C015,T015
TX00775,C015,T015
TX00776,C015,T015
TX00777,C016,T016
TX00778,C016,T016
TX00779,C016,T016
TX00780,C016,T016
TX00781,C016,T016
TX00782,C016,T016
TX00783,C016,T016
TX00784,C016,T016
TX00785,C016,T016
TX00786,C016,T016
TX00787,C016,T016
TX00788,C016,T016
TX00789,C016,T016
TX00790,C016,T016
TX00791,C016,T016
TX00792,C016,T016
TX00793,C016,T016
TX00794,C016,T016
TX00795,C016,T016
TX00796,C016,T016
TX00797,C016,T016
TX00798,C016,T016
TX00799,C016,T016
TX00800,C016,T016
TX00801,C016,T016
TX00802,C016,T016
TX00803,C016,T016
TX00804,C016,T016
TX00805,C016,T016
TX00806,C016,T016
TX00807,C016,T016
TX00808,C016,T016
TX00809,C016,T016
TX00810,C016,T016
TX00811,C016,T016
TX00812,C016,T016
TX00813,C016,T016
TX00814,C016,T016
TX00815,C016,T016
TX00816,C016,T016
TX00817,C016,T016
TX00818,C016,T016
TX00819,C016,T016
TX00820,C016,T016
TX00821,C016,T016
TX00822,C016,T016
TX00823,C016,T016
TX00824,C016,T016
TX00825,C016,T016
TX00826,C016,T016
TX00827,C016,T016
TX00828,C016,T016
TX00829,C016,T016
TX00830,C016,T016
TX00831,C016,T016
TX00832,C016,T016
TX00833,C016,T016
TX00834,C016,T016
TX00835,C017,T017
TX00836,C017,T017
TX00837,C017,T017
TX00838,C017,T017
TX00839,C017,T017
TX00840,C017,T017
TX00841,C017,T017
TX00842,C017,T017
TX00843,C017,T017
TX00844,C017,T017
TX00845,C017,T017
TX00846,C017,T017
TX00847,C017,T017
TX00848,C017,T017
TX00849,C017,T017
TX00850,C017,T017
TX00851,C017,T017
TX00852,C017,T017
TX00853,C017,T017
TX00854,C017,T017
TX00855,C017,T017
TX00856,C017,T017
TX00857,C017,T017
TX00858,C017,T017
TX00859,C017,T017
TX00860,C018,T018
TX00861,C018,T018
TX00862,C018,T018
TX00863,C018,T018
TX00864,C018,T018
TX00865,C018,T018
TX00866,C018,T018
TX00867,C018,T018
TX00868,C018,T018
TX00869,C018,T018
TX00870,C018,T018
TX00871,C018,T018
TX00872,C018,T018
TX00873,C018,T018
TX00874,C018,T018
TX00875,C018,T018
TX00876,C018,T018
TX00877,C018,T018
TX00878,C018,T018
TX00879,C018,T018
TX00880,C018,T018
TX00881,C018,T018
TX00882,C018,T018
TX00883,C018,T018
TX00884,C018,T018
TX00885,C018,T018
TX00886,C018,T018
TX00887,C018,T018
TX00888,C018,T018
TX00889,C018,T018
TX00890,C018,T018
TX00891,C018,T018
TX00892,C018,T018
TX00893,C018,T018
TX00894,C018,T018
TX00895,C018,T018
TX00896,C018,T018
TX00897,C018,T018
TX00898,C018,T018
TX00899,C018,T018
TX00900,C018,T018
TX00901,C018,T018
TX00902,C018,T018
TX00903,C018,T018
TX00904,C018,T018
TX00905,C018,T018
TX00906,C019,T019
TX00907,C019,T019
TX00908,C019,T019
TX00909,C019,T019
TX00910,C019,T019
TX00911,C019,T019
TX00912,C019,T019
TX00913,C019,T019
TX00914,C019,T019
TX00915,C019,T019
TX00916,C019,T019
TX00917,C019,T019
TX00918,C019,T019
TX00919,C019,T019
TX00920,C019,T019
TX00921,C019,T019
TX00922,C019,T019
TX00923,C019,T019
TX00924,C019,T019
TX00925,C019,T019
TX00926,C019,T019
TX00927,C019,T019
TX00928,C019,T019
TX00929,C019,T019
TX00930,C019,T019
TX00931,C019,T019
TX00932,C019,T019
TX00933,C019,T019
TX00934,C019,T019
TX00935,C019,T019
TX00936,C019,T019
TX00937,C019,T019
TX00938,C019,T019
TX00939,C019,T019
TX00940,C020,T020
TX00941,C020,T020
TX00942,C020,T020
TX00943,C020,T020
TX00944,C020,T020
TX00945,C020,T020
TX00946,C020,T020
TX00947,C020,T020
TX00948,C020,T020
TX00949,C020,T020
TX00950,C020,T020
TX00951,C021,T021
TX00952,C021,T021
TX00953,C021,T021
TX00954,C021,T021
TX00955,C021,T021
TX00956,C021,T021
TX00957,C021,T021
TX00958,C021,T021
TX00959,C021,T021
TX00960,C021,T021
TX00961,C021,T021
TX00962,C021,T021
TX00963,C021,T021
TX00964,C021,T021
TX00965,C021,T021
TX00966,C021,T021
TX00967,C021,T021
TX00968,C021,T021
TX00969,C021,T021
TX00970,C021,T021
TX00971,C021,T021
TX00972,C021,T021
TX00973,C021,T021
TX00974,C021,T021
TX00975,C021,T021
TX00976,C021,T021
TX00977,C021,T021
TX00978,C021,T021
TX00979,C021,T021
TX00980,C021,T021
TX00981,C021,T021
TX00982,C021,T021
TX00983,C021,T021
TX00984,C021,T021
TX00985,C021,T021
TX00986,C021,T021
TX00987,C021,T021
TX00988,C021,T021
TX00989,C021,T021
TX00990,C021,T021
TX00991,C021,T021
TX00992,C021,T021
TX00993,C021,T021
TX00994,C021,T021
TX00995,C022,T022
TX00996,C022,T022
TX00997,C022,T022
TX00998,C022,T022
TX00999,C022,T022
TX01000,C022,T022
TX01001,C022,T022
TX01002,C022,T022
TX01003,C022,T022
TX01004,C022,T022
TX01005,C022,T022
TX01006,C022,T022
TX01007,C022,T022
TX01008,C022,T022
TX01009,C022,T022
TX01010,C022,T022
TX01011,C022,T022
TX01012,C022,T022
TX01013,C022,T022
TX01014,C022,T022
TX01015,C022,T022
TX01016,C022,T022
TX01017,C022,T022
TX01018,C022,T022
TX01019,C022,T022
TX01020,C022,T022
TX01021,C022,T022
TX01022,C022,T022
TX01023,C022,T022
TX01024,C022,T022
TX01025,C022,T022
TX01026,C022,T022
TX01027,C022,T022
TX01028,C022,T022
TX01029,C022,T022
TX01030,C022,T022
TX01031,C022,T022
TX01032,C022,T022
TX01033,C022,T022
TX01034,C022,T022
TX01035,C022,T022
TX01036,C022,T022
TX01037,C022,T022
TX01038,C022,T022
TX01039,C022,T022
TX01040,C022,T022
TX01041,C022,T022
TX01042,C022,T022
TX01043,C022,T022
TX01044,C022,T022
TX01045,C022,T022
TX01046,C023,T023
TX01047,C023,T023
TX01048,C023,T023
TX01049,C023,T023
TX01050,C023,T023
TX01051,C023,T023
TX01052,C023,T023
TX01053,C023,T023
TX01054,C023,T023
TX01055,C023,T023
TX01056,C023,T023
TX01057,C023,T023
TX01058,C023,T023
TX01059,C023,T023
TX01060,C023,T023
TX01061,C023,T023
TX01062,C023,T023
TX01063,C023,T023
TX01064,C023,T023
TX01065,C023,T023
TX01066,C023,T023
TX01067,C023,T023
TX01068,C023,T023
TX01069,C023,T023
TX01070,C023,T023
TX01071,C023,T023
TX01072,C023,T023
TX01073,C024,T024
TX01074,C024,T024
TX01075,C024,T024
TX01076,C024,T024
TX01077,C024,T024
TX01078,C024,T024
TX01079,C024,T024
TX01080,C024,T024
TX01081,C024,T024
TX01082,C024,T024
TX01083,C024,T024
TX01084,C024,T024
TX01085,C024,T024
TX01086,C024,T024
TX01087,C024,T024
TX01088,C024,T024
TX01089,C024,T024
TX01090,C024,T024
TX01091,C024,T024
TX01092,C024,T024
TX01093,C024,T024
TX01094,C024,T024
TX01095,C024,T024
TX01096,C024,T024
TX01097,C024,T024
TX01098,C024,T024
TX01099,C024,T024
TX01100,C024,T024
TX01101,C024,T024
TX01102,C024,T024
TX01103,C024,T024
TX01104,C024,T024
TX01105,C024,T024
TX01106,C024,T024
TX01107,C024,T024
TX01108,C024,T024
TX01109,C024,T024
TX01110,C024,T024
TX01111,C025,T025
TX01112,C025,T025
TX01113,C025,T025
TX01114,C025,T025
TX01115,C025,T025
TX01116,C025,T025
TX01117,C025,T025
TX01118,C025,T025
TX01119,C025,T025
TX01120,C025,T025
TX01121,C025,T025
TX01122,C025,T025
TX01123,C025,T025
TX01124,C025,T025
TX01125,C025,T025
TX01126,C025,T025
TX01127,C025,T025
TX01128,C025,T025
TX01129,C025,T025
TX01130,C025,T025
TX01131,C025,T025
TX01132,C025,T025
TX01133,C025,T025
TX01134,C025,T025
TX01135,C025,T025
TX01136,C025,T025
TX01137,C025,T025
TX01138,C025,T025
TX01139,C025,T025
TX01140,C025,T025
TX01141,C025,T025
TX01142,C025,T025
TX01143,C025,T025
TX01144,C025,T025
TX01145,C025,T025
TX01146,C025,T025
TX01147,C025,T025
TX01148,C025,T025
TX01149,C025,T025
TX01150,C025,T025
TX01151,C025,T025
TX01152,C025,T025
TX01153,C025,T025
TX01154,C025,T025
TX01155,C025,T025
TX01156,C025,T025
TX01157,C025,T025
TX01158,C025,T025
TX01159,C025,T025
TX01160,C025,T025
TX01161,C025,T025
TX01162,C025,T025
TX01163,C026,T026
TX01164,C026,T026
TX01165,C026,T026
TX01166,C026,T026
TX01167,C026,T026
TX01168,C026,T026
TX01169,C026,T026
TX01170,C026,T026
TX01171,C026,T026
TX01172,C026,T026
TX01173,C026,T026
TX01174,C026,T026
TX01175,C026,T026
TX01176,C026,T026
TX01177,C026,T026
TX01178,C026,T026
TX01179,C026,T026
TX01180,C026,T026
TX01181,C026,T026
TX01182,C026,T026
TX01183,C026,T026
TX01184,C026,T026
TX01185,C026,T026
TX01186,C026,T026
TX01187,C026,T026
TX01188,C026,T026
TX01189,C026,T026
TX01190,C026,T026
TX01191,C026,T026
TX01192,C026,T026
TX01193,C026,T026
TX01194,C026,T026
TX01195,C026,T026
TX01196,C026,T026
TX01197,C026,T026
TX01198,C027,T027
TX01199,C027,T027
TX01200,C027,T027
TX01201,C027,T027
TX01202,C027,T027
TX01203,C027,T027
TX01204,C027,T027
TX01205,C027,T027
TX01206,C027,T027
TX01207,C027,T027
TX01208,C027,T027
TX01209,C027,T027
TX01210,C027,T027
TX01211,C027,T027
TX01212,C027,T027
TX01213,C027,T027
TX01214,C027,T027
TX01215,C027,T027
TX01216,C027,T027
TX01217,C027,T027
TX01218,C027,T027
TX01219,C027,T027
TX01220,C027,T027
TX01221,C027,T027
TX01222,C027,T027
TX01223,C027,T027
TX01224,C027,T027
TX01225,C027,T027
TX01226,C027,T027
TX01227,C027,T027
TX01228,C027,T027
TX01229,C027,T027
TX01230,C027,T027
TX01231,C027,T027
TX01232,C027,T027
TX01233,C027,T027
TX01234,C027,T027
TX01235,C027,T027
TX01236,C027,T027
TX01237,C027,T027
TX01238,C027,T027
TX01239,C027,T027
TX01240,C027,T027
TX01241,C027,T027
TX01242,C027,T027
TX01243,C027,T027
TX01244,C027,T027
TX01245,C027,T027
TX01246,C028,T028
TX01247,C028,T028
TX01248,C028,T028
TX01249,C028,T028
TX01250,C028,T028
TX01251,C028,T028
TX01252,C028,T028
TX01253,C028,T028
TX01254,C028,T028
TX01255,C028,T028
TX01256,C028,T028
TX01257,C028,T028
TX01258,C028,T028
TX01259,C028,T028
TX01260,C028,T028
TX01261,C028,T028
TX01262,C028,T028
TX01263,C028,T028
TX01264,C028,T028
TX01265,C028,T028
TX01266,C028,T028
TX01267,C028,T028
TX01268,C028,T028
TX01269,C028,T028
TX01270,C028,T028
TX01271,C028,T028
TX01272,C028,T028
TX01273,C028,T028
TX01274,C028,T028
TX01275,C028,T028
TX01276,C028,T028
TX01277,C028,T028
TX01278,C028,T028
TX01279,C028,T028
TX01280,C028,T028
TX01281,C028,T028
TX01282,C028,T028
TX01283,C028,T028
TX01284,C028,T028
TX01285,C028,T028
TX01286,C028,T028
TX01287,C028,T028
TX01288,C028,T028
TX01289,C028,T028
TX01290,C028,T028
TX01291,C028,T028
TX01292,C028,T028
TX01293,C028,T028
TX01294,C028,T028
TX01295,C029,T029
TX01296,C029,T029
TX01297,C029,T029
TX01298,C029,T029
TX01299,C029,T029
TX01300,C029,T029
TX01301,C029,T029
TX01302,C029,T029
TX01303,C029,T029
TX01304,C029,T029
TX01305,C029,T029
TX01306,C029,T029
TX01307,C029,T029
TX01308,C029,T029
TX01309,C029,T029
TX01310,C029,T029
TX01311,C029,T029
TX01312,C029,T029
TX01313,C029,T029
TX01314,C029,T029
TX01315,C029,T029
TX01316,C029,T029
TX01317,C029,T029
TX01318,C029,T029
TX01319,C029,T029
TX01320,C029,T029
TX01321,C030,T030
TX01322,C030,T030
TX01323,C030,T030
TX01324,C030,T030
TX01325,C030,T030
TX01326,C030,T030
TX01327,C030,T030
TX01328,C030,T030
TX01329,C030,T030
TX01330,C030,T030
TX01331,C030,T030
TX01332,C030,T030
TX01333,C030,T030
TX01334,C030,T030
TX01335,C030,T030
TX01336,C030,T030
TX01337,C030,T030
TX01338,C030,T030
TX01339,C030,T030
TX01340,C030,T030
TX01341,C030,T030
TX01342,C030,T030
TX01343,C030,T030
TX01344,C030,T030
TX01345,C030,T030
TX01346,C030,T030
TX01347,C030,T030
TX01348,C030,T030
TX01349,C030,T030
TX01350,C030,T030
TX01351,C030,T030
TX01352,C030,T030
TX01353,C030,T030
TX01354,C030,T030
TX01355,C030,T030
TX01356,C030,T030
TX01357,C030,T030
TX01358,C031,T031
TX01359,C031,T031
TX01360,C031,T031
TX01361,C031,T031
TX01362,C031,T031
TX01363,C031,T031
TX01364,C031,T031
TX01365,C031,T031
TX01366,C031,T031
TX01367,C031,T031
TX01368,C031,T031
TX01369,C031,T031
TX01370,C031,T031
TX01371,C031,T031
TX01372,C031,T031
TX01373,C031,T031
TX01374,C031,T031
TX01375,C031,T031
TX01376,C031,T031
TX01377,C031,T031
TX01378,C031,T031
TX01379,C031,T031
TX01380,C031,T031
TX01381,C031,T031
TX01382,C031,T031
TX01383,C031,T031
TX01384,C031,T031
TX01385,C031,T031
TX01386,C031,T031
TX01387,C031,T031
TX01388,C031,T031
TX01389,C031,T031
TX01390,C031,T031
TX01391,C031,T031
TX01392,C031,T031
TX01393,C031,T031
TX01394,C031,T031
TX01395,C032,T032
TX01396,C032,T032
TX01397,C032,T032
TX01398,C032,T032
TX01399,C032,T032
TX01400,C032,T032
TX01401,C032,T032
TX01402,C032,T032
TX01403,C032,T032
TX01404,C032,T032
TX01405,C032,T032
TX01406,C032,T032
TX01407,C032,T032
TX01408,C032,T032
TX01409,C032,T032
TX01410,C032,T032
TX01411,C032,T032
TX01412,C032,T032
TX01413,C032,T032
TX01414,C032,T032
TX01415,C032,T032
TX01416,C032,T032
TX01417,C032,T032
TX01418,C032,T032
TX01419,C032,T032
TX01420,C032,T032
TX01421,C032,T032
TX01422,C032,T032
TX01423,C032,T032
TX01424,C032,T032
TX01425,C032,T032
TX01426,C032,T032
TX01427,C032,T032
TX01428,C032,T032
TX01429,C032,T032
TX01430,C032,T032
TX01431,C032,T032
TX01432,C032,T032
TX01433,C032,T032
TX01434,C032,T032
TX01435,C032,T032
TX01436,C032,T032
TX01437,C032,T032
TX01438,C032,T032
TX01439,C032,T032
TX01440,C032,T032
TX01441,C032,T032
TX01442,C032,T032
TX01443,C032,T032
TX01444,C032,T032
TX01445,C032,T032
TX01446,C032,T032
TX01447,C032,T032
TX01448,C033,T033
TX01449,C033,T033
TX01450,C033,T033
TX01451,C033,T033
TX01452,C033,T033
TX01453,C033,T033
TX01454,C033,T033
TX01455,C033,T033
TX01456,C033,T033
TX01457,C033,T033
TX01458,C033,T033
TX01459,C033,T033
TX01460,C033,T033
TX01461,C033,T033
TX01462,C033,T033
TX01463,C033,T033
TX01464,C033,T033
TX01465,C033,T033
TX01466,C033,T033
TX01467,C033,T033
TX01468,C033,T033
TX01469,C033,T033
TX01470,C033,T033
TX01471,C033,T033
TX01472,C033,T033
TX01473,C033,T033
TX01474,C033,T033
TX01475,C034,T034
TX01476,C034,T034
TX01477,C034,T034
TX01478,C034,T034
TX01479,C034,T034
TX01480,C034,T034
TX01481,C034,T034
TX01482,C034,T034
TX01483,C034,T034
TX01484,C034,T034
TX01485,C034,T034
TX01486,C034,T034
TX01487,C034,T034
TX01488,C034,T034
TX01489,C034,T034
TX01490,C034,T034
TX01491,C034,T034
TX01492,C034,T034
TX01493,C034,T034
TX01494,C034,T034
TX01495,C034,T034
TX01496,C034,T034
TX01497,C034,T034
TX01498,C035,T035
TX01499,C035,T035
TX01500,C035,T035
TX01501,C035,T035
TX01502,C035,T035
TX01503,C035,T035
TX01504,C035,T035
TX01505,C035,T035
TX01506,C035,T035
TX01507,C035,T035
TX01508,C035,T035
TX01509,C035,T035
TX01510,C035,T035
TX01511,C035,T035
TX01512,C035,T035
TX01513,C035,T035
TX01514,C035,T035
TX01515,C035,T035
TX01516,C035,T035
TX01517,C035,T035
TX01518,C035,T035
TX01519,C035,T035
TX01520,C035,T035
TX01521,C035,T035
TX01522,C035,T035
TX01523,C035,T035
TX01524,C035,T035
TX01525,C035,T035
TX01526,C035,T035
TX01527,C035,T035
TX01528,C035,T035
TX01529,C035,T035
TX01530,C035,T035
TX01531,C035,T035
TX01532,C035,T035
TX01533,C035,T035
TX01534,C035,T035
TX01535,C035,T035
TX01536,C035,T035
TX01537,C035,T035
TX01538,C035,T035
TX01539,C036,T036
TX01540,C036,T036
TX01541,C036,T036
TX01542,C036,T036
TX01543,C036,T036
TX01544,C036,T036
TX01545,C036,T036
TX01546,C036,T036
TX01547,C036,T036
TX01548,C036,T036
TX01549,C036,T036
TX01550,C036,T036
TX01551,C036,T036
TX01552,C036,T036
TX01553,C036,T036
TX01554,C036,T036
TX01555,C036,T036
TX01556,C036,T036
TX01557,C036,T036
TX01558,C036,T036
TX01559,C036,T036
TX01560,C036,T036
TX01561,C036,T036
TX01562,C036,T036
TX01563,C036,T036
TX01564,C036,T036
TX01565,C036,T036
TX01566,C036,T036
TX01567,C036,T036
TX01568,C036,T036
TX01569,C036,T036
TX01570,C036,T036
TX01571,C036,T036
TX01572,C036,T036
TX01573,C036,T036
TX01574,C036,T036
TX01575,C036,T036
TX01576,C036,T036
TX01577,C036,T036
TX01578,C036,T036
TX01579,C036,T036
TX01580,C036,T036
TX01581,C036,T036
TX01582,C036,T036
TX01583,C036,T036
TX01584,C036,T036
TX01585,C036,T036
TX01586,C036,T036
TX01587,C036,T036
TX01588,C036,T036
TX01589,C036,T036
TX01590,C036,T036
TX01591,C036,T036
TX01592,C036,T036
TX01593,C036,T036
TX01594,C037,T037
TX01595,C037,T037
TX01596,C037,T037
TX01597,C037,T037
TX01598,C037,T037
TX01599,C037,T037
TX01600,C037,T037
TX01601,C037,T037
TX01602,C037,T037
TX01603,C037,T037
TX01604,C037,T037
TX01605,C037,T037
TX01606,C037,T037
TX01607,C037,T037
TX01608,C037,T037
TX01609,C037,T037
TX01610,C037,T037
TX01611,C037,T037
TX01612,C037,T037
TX01613,C037,T037
TX01614,C037,T037
TX01615,C037,T037
TX01616,C037,T037
TX01617,C037,T037
TX01618,C037,T037
TX01619,C037,T037
TX01620,C037,T037
TX01621,C037,T037
TX01622,C037,T037
TX01623,C037,T037
TX01624,C037,T037
TX01625,C037,T037
TX01626,C038,T038
TX01627,C038,T038
TX01628,C038,T038
TX01629,C038,T038
TX01630,C038,T038
TX01631,C038,T038
TX01632,C038,T038
TX01633,C038,T038
TX01634,C038,T038
TX01635,C038,T038
TX01636,C038,T038
TX01637,C038,T038
TX01638,C038,T038
TX01639,C038,T038
TX01640,C038,T038
TX01641,C038,T038
TX01642,C038,T038
TX01643,C038,T038
TX01644,C038,T038
TX01645,C038,T038
TX01646,C038,T038
TX01647,C038,T038
TX01648,C038,T038
TX01649,C038,T038
TX01650,C038,T038
TX01651,C038,T038
TX01652,C038,T038
TX01653,C038,T038
TX01654,C038,T038
TX01655,C038,T038
TX01656,C038,T038
TX01657,C038,T038
TX01658,C038,T038
TX01659,C038,T038
TX01660,C038,T038
TX01661,C038,T038
TX01662,C038,T038
TX01663,C038,T038
TX01664,C038,T038
TX01665,C038,T038
TX01666,C038,T038
TX01667,C038,T038
TX01668,C038,T038
TX01669,C038,T038
TX01670,C038,T038
TX01671,C038,T038
TX01672,C038,T038
TX01673,C038,T038
TX01674,C038,T038
TX01675,C039,T039
TX01676,C039,T039
TX01677,C039,T039
TX01678,C039,T039
TX01679,C039,T039
TX01680,C039,T039
TX01681,C039,T039
TX01682,C039,T039
TX01683,C039,T039
TX01684,C039,T039
TX01685,C039,T039
TX01686,C039,T039
TX01687,C039,T039
TX01688,C039,T039
TX01689,C039,T039
TX01690,C039,T039
TX01691,C039,T039
TX01692,C039,T039
TX01693,C039,T039
TX01694,C039,T039
TX01695,C039,T039
TX01696,C039,T039
TX01697,C039,T039
TX01698,C039,T039
TX01699,C039,T039
TX01700,C039,T039
TX01701,C039,T039
TX01702,C039,T039
TX01703,C039,T039
TX01704,C039,T039
TX01705,C039,T039
TX01706,C039,T039
TX01707,C039,T039
TX01708,C039,T039
TX01709,C039,T039
TX01710,C039,T039
TX01711,C039,T039
TX01712,C039,T039
TX01713,C039,T039
TX01714,C039,T039
TX01715,C039,T039
TX01716,C039,T039
TX01717,C039,T039
TX01718,C039,T039
TX01719,C039,T039
TX01720,C040,T040
TX01721,C040,T040
TX01722,C040,T040
TX01723,C040,T040
TX01724,C040,T040
TX01725,C040,T040
TX01726,C040,T040
TX01727,C040,T040
TX01728,C040,T040
TX01729,C040,T040
TX01730,C040,T040
TX01731,C040,T040
TX01732,C040,T040
TX01733,C040,T040
TX01734,C040,T040
TX01735,C040,T040
TX01736,C040,T040
TX01737,C040,T040
TX01738,C040,T040
TX01739,C040,T040
TX01740,C040,T040
TX01741,C040,T040
TX01742,C040,T040
TX01743,C040,T040
TX01744,C040,T040
TX01745,C040,T040
TX01746,C040,T040
TX01747,C040,T040
TX01748,C040,T040
TX01749,C040,T040
TX01750,C040,T040
TX01751,C040,T040
TX01752,C040,T040
TX01753,C040,T040
TX01754,C040,T040
TX01755,C040,T040
TX01756,C040,T040
TX01757,C040,T040
TX01758,C040,T040
TX01759,C041,T041
TX01760,C041,T041
TX01761,C041,T041
TX01762,C041,T041
TX01763,C041,T041
TX01764,C041,T041
TX01765,C041,T041
TX01766,C041,T041
TX01767,C041,T041
TX01768,C041,T041
TX01769,C041,T041
TX01770,C041,T041
TX01771,C041,T041
TX01772,C041,T041
TX01773,C041,T041
TX01774,C041,T041
TX01775,C041,T041
TX01776,C041,T041
TX01777,C041,T041
TX01778,C041,T041
TX01779,C041,T041
TX01780,C041,T041
TX01781,C041,T041
TX01782,C041,T041
TX01783,C041,T041
TX01784,C041,T041
TX01785,C041,T041
TX01786,C041,T041
TX01787,C041,T041
TX01788,C041,T041
TX01789,C041,T041
TX01790,C041,T041
TX01791,C041,T041
TX01792,C041,T041
TX01793,C041,T041
TX01794,C041,T041
TX01795,C041,T041
TX01796,C041,T041
TX01797,C041,T041
TX01798,C041,T041
TX01799,C041,T041
TX01800,C041,T041
TX01801,C041,T041
TX01802,C041,T041
TX01803,C041,T041
TX01804,C041,T041
TX01805,C041,T041
TX01806,C041,T041
TX01807,C042,T042
TX01808,C042,T042
TX01809,C042,T042
TX01810,C042,T042
TX01811,C042,T042
TX01812,C042,T042
TX01813,C042,T042
TX01814,C042,T042
TX01815,C042,T042
TX01816,C042,T042
TX01817,C042,T042
TX01818,C042,T042
TX01819,C042,T042
TX01820,C042,T042
TX01821,C042,T042
TX01822,C042,T042
TX01823,C042,T042
TX01824,C042,T042
TX01825,C042,T042
TX01826,C042,T042
TX01827,C042,T042
TX01828,C042,T042
TX01829,C042,T042
TX01830,C042,T042
TX01831,C042,T042
TX01832,C042,T042
TX01833,C042,T042
TX01834,C042,T042
TX01835,C042,T042
TX01836,C042,T042
TX01837,C042,T042
TX01838,C042,T042
TX01839,C042,T042
TX01840,C042,T042
TX01841,C042,T042
TX01842,C042,T042
TX01843,C042,T042
TX01844,C042,T042
TX01845,C042,T042
TX01846,C042,T042
TX01847,C042,T042
TX01848,C042,T042
TX01849,C042,T042
TX01850,C042,T042
TX01851,C042,T042
TX01852,C042,T042
TX01853,C042,T042
TX01854,C042,T042
TX01855,C042,T042
TX01856,C042,T042
TX01857,C042,T042
TX01858,C042,T042
TX01859,C042,T042
TX01860,C043,T043
TX01861,C043,T043
TX01862,C043,T043
TX01863,C043,T043
TX01864,C043,T043
TX01865,C043,T043
TX01866,C043,T043
TX01867,C043,T043
TX01868,C043,T043
TX01869,C043,T043
TX01870,C043,T043
TX01871,C043,T043
TX01872,C043,T043
TX01873,C043,T043
TX01874,C043,T043
TX01875,C043,T043
TX01876,C043,T043
TX01877,C043,T043
TX01878,C043,T043
TX01879,C043,T043
TX01880,C043,T043
TX01881,C043,T043
TX01882,C043,T043
TX01883,C043,T043
TX01884,C043,T043
TX01885,C043,T043
TX01886,C043,T043
TX01887,C043,T043
TX01888,C043,T043
TX01889,C043,T043
TX01890,C043,T043
TX01891,C043,T043
TX01892,C043,T043
TX01893,C043,T043
TX01894,C043,T043
TX01895,C043,T043
TX01896,C043,T043
TX01897,C043,T043
TX01898,C043,T043
TX01899,C043,T043
TX01900,C043,T043
TX01901,C043,T043
TX01902,C043,T043
TX01903,C043,T043
TX01904,C043,T043
TX01905,C043,T043
TX01906,C043,T043
TX01907,C043,T043
TX01908,C043,T043
TX01909,C043,T043
TX01910,C043,T043
TX01911,C043,T043
TX01912,C044,T044
TX01913,C044,T044
TX01914,C044,T044
TX01915,C044,T044
TX01916,C044,T044
TX01917,C044,T044
TX01918,C044,T044
TX01919,C044,T044
TX01920,C044,T044
TX01921,C044,T044
TX01922,C044,T044
TX01923,C044,T044
TX01924,C044,T044
TX01925,C044,T044
TX01926,C044,T044
TX01927,C044,T044
TX01928,C044,T044
TX01929,C044,T044
TX01930,C044,T044
TX01931,C044,T044
TX01932,C044,T044
TX01933,C044,T044
TX01934,C044,T044
TX01935,C044,T044
TX01936,C044,T044
TX01937,C044,T044
TX01938,C044,T044
TX01939,C044,T044
TX01940,C044,T044
TX01941,C044,T044
TX01942,C044,T044
TX01943,C044,T044
TX01944,C044,T044
TX01945,C044,T044
TX01946,C044,T044
TX01947,C044,T044
TX01948,C044,T044
TX01949,C044,T044
TX01950,C044,T044
TX01951,C044,T044
TX01952,C044,T044
TX01953,C044,T044
TX01954,C045,T045
TX01955,C045,T045
TX01956,C045,T045
TX01957,C045,T045
TX01958,C045,T045
TX01959,C045,T045
TX01960,C045,T045
TX01961,C045,T045
TX01962,C045,T045
TX01963,C045,T045
TX01964,C045,T045
TX01965,C045,T045
TX01966,C045,T045
TX01967,C045,T045
TX01968,C045,T045
TX01969,C045,T045
TX01970,C045,T045
TX01971,C045,T045
TX01972,C045,T045
TX01973,C045,T045
TX01974,C045,T045
TX01975,C045,T045
TX01976,C045,T045
TX01977,C045,T045
TX01978,C045,T045
TX01979,C045,T045
TX01980,C045,T045
TX01981,C045,T045
TX01982,C045,T045
TX01983,C045,T045
TX01984,C045,T045
TX01985,C045,T045
TX01986,C045,T045
TX01987,C045,T045
TX01988,C045,T045
TX01989,C045,T045
TX01990,C045,T045
TX01991,C045,T045
TX01992,C045,T045
TX01993,C045,T045
TX01994,C045,T045
TX01995,C045,T045
TX01996,C045,T045
TX01997,C045,T045
TX01998,C045,T045
TX01999,C045,T045
TX02000,C045,T045
TX02001,C045,T045
TX02002,C045,T045
TX02003,C045,T045
TX02004,C045,T045
TX02005,C045,T045
TX02006,C045,T045
TX02007,C045,T045
TX02008,C045,T045
TX02009,C045,T045
TX02010,C045,T045
TX02011,C045,T045
TX02012,C045,T045
TX02013,C045,T045
TX02014,C045,T045
TX02015,C045,T045
TX02016,C045,T045
TX02017,C045,T045
TX02018,C045,T045
TX02019,C045,T045
TX02020,C045,T045
TX02021,C045,T045
TX02022,C045,T045
TX02023,C045,T045
TX02024,C046,T046
TX02025,C046,T046
TX02026,C046,T046
TX02027,C046,T046
TX02028,C046,T046
TX02029,C046,T046
TX02030,C046,T046
TX02031,C046,T046
TX02032,C046,T046
TX02033,C046,T046
TX02034,C046,T046
TX02035,C046,T046
TX02036,C046,T046
TX02037,C046,T046
TX02038,C046,T046
TX02039,C046,T046
TX02040,C046,T046
TX02041,C046,T046
TX02042,C046,T046
TX02043,C046,T046
TX02044,C046,T046
TX02045,C046,T046
TX02046,C046,T046
TX02047,C046,T046
TX02048,C046,T046
TX02049,C046,T046
TX02050,C046,T046
TX02051,C046,T046
TX02052,C046,T046
TX02053,C046,T046
TX02054,C046,T046
TX02055,C046,T046
TX02056,C046,T046
TX02057,C047,T047
TX02058,C047,T047
TX02059,C047,T047
TX02060,C047,T047
TX02061,C047,T047
TX02062,C047,T047
TX02063,C047,T047
TX02064,C047,T047
TX02065,C047,T047
TX02066,C047,T047
TX02067,C047,T047
TX02068,C047,T047
TX02069,C047,T047
TX02070,C047,T047
TX02071,C047,T047
TX02072,C047,T047
TX02073,C047,T047
TX02074,C047,T047
TX02075,C047,T047
TX02076,C047,T047
TX02077,C047,T047
TX02078,C047,T047
TX02079,C047,T047
TX02080,C047,T047
TX02081,C047,T047
TX02082,C047,T047
TX02083,C047,T047
TX02084,C047,T047
TX02085,C047,T047
TX02086,C047,T047
TX02087,C047,T047
TX02088,C047,T047
TX02089,C047,T047
TX02090,C047,T047
TX02091,C047,T047
TX02092,C047,T047
TX02093,C047,T047
TX02094,C047,T047
TX02095,C047,T047
TX02096,C047,T047
TX02097,C047,T047
TX02098,C047,T047
TX02099,C047,T047
TX02100,C047,T047
TX02101,C047,T047
TX02102,C047,T047
TX02103,C048,T048
TX02104,C048,T048
TX02105,C048,T048
TX02106,C048,T048
TX02107,C048,T048
TX02108,C048,T048
TX02109,C048,T048
TX02110,C048,T048
TX02111,C048,T048
TX02112,C048,T048
TX02113,C048,T048
TX02114,C048,T048
TX02115,C048,T048
TX02116,C048,T048
TX02117,C048,T048
TX02118,C048,T048
TX02119,C048,T048
TX02120,C048,T048
TX02121,C048,T048
TX02122,C048,T048
TX02123,C048,T048
TX02124,C048,T048
TX02125,C048,T048
TX02126,C048,T048
TX02127,C048,T048
TX02128,C048,T048
TX02129,C048,T048
TX02130,C048,T048
TX02131,C048,T048
TX02132,C048,T048
TX02133,C049,T001
TX02134,C049,T001
TX02135,C049,T001
TX02136,C049,T001
TX02137,C049,T001
TX02138,C049,T001
TX02139,C049,T001
TX02140,C049,T001
TX02141,C049,T001
TX02142,C049,T001
TX02143,C049,T001
TX02144,C049,T001
TX02145,C049,T001
TX02146,C049,T001
TX02147,C049,T001
TX02148,C049,T001
TX02149,C049,T001
TX02150,C049,T001
TX02151,C049,T001
TX02152,C049,T001
TX02153,C049,T001
TX02154,C049,T001
TX02155,C049,T001
TX02156,C049,T001
TX02157,C049,T001
TX02158,C049,T001
TX02159,C049,T001
TX02160,C049,T001
TX02161,C049,T001
TX02162,C049,T001
TX02163,C049,T001
TX02164,C049,T001
TX02165,C049,T001
TX02166,C049,T001
TX02167,C049,T001
TX02168,C049,T001
TX02169,C049,T001
TX02170,C049,T001
TX02171,C049,T001
TX02172,C049,T001
TX02173,C049,T001
TX02174,C049,T001
TX02175,C049,T001
TX02176,C049,T001
TX02177,C049,T001
TX02178,C049,T001
TX02179,C049,T001
TX02180,C049,T001
TX02181,C049,T001
TX02182,C049,T001
TX02183,C049,T001
TX02184,C049,T001
TX02185,C049,T001
TX02186,C049,T001
TX02187,C049,T001
TX02188,C049,T001
TX02189,C049,T001
TX02190,C049,T001
TX02191,C049,T001
TX02192,C049,T001
TX02193,C049,T001
TX02194,C049,T001
TX02195,C049,T001
TX02196,C049,T001
TX02197,C049,T001
TX02198,C049,T001
TX02199,C050,T002
TX02200,C050,T002
TX02201,C050,T002
TX02202,C050,T002
TX02203,C050,T002
TX02204,C050,T002
TX02205,C050,T002
TX02206,C050,T002
TX02207,C050,T002
TX02208,C050,T002
TX02209,C050,T002
TX02210,C050,T002
TX02211,C050,T002
TX02212,C050,T002
TX02213,C050,T002
TX02214,C050,T002
TX02215,C050,T002
TX02216,C050,T002
TX02217,C050,T002
TX02218,C050,T002
TX02219,C050,T002
TX02220,C050,T002
TX02221,C050,T002
TX02222,C050,T002
TX02223,C050,T002
TX02224,C050,T002
TX02225,C050,T002
TX02226,C050,T002
TX02227,C050,T002
TX02228,C050,T002
TX02229,C050,T002
TX02230,C050,T002
TX02231,C050,T002
TX02232,C050,T002
TX02233,C050,T002
TX02234,C050,T002
TX02235,C050,T002
TX02236,C050,T002
TX02237,C050,T002
TX02238,C050,T002
TX02239,C050,T002
TX02240,C050,T002
TX02241,C050,T002
TX02242,C050,T002
TX02243,C050,T002
TX02244,C050,T002
TX02245,C051,T003
TX02246,C051,T003
TX02247,C051,T003
TX02248,C051,T003
TX02249,C051,T003
TX02250,C051,T003
TX02251,C051,T003
TX02252,C051,T003
TX02253,C051,T003
TX02254,C051,T003
TX02255,C051,T003
TX02256,C051,T003
TX02257,C051,T003
TX02258,C051,T003
TX02259,C051,T003
TX02260,C051,T003
TX02261,C051,T003
TX02262,C051,T003
TX02263,C051,T003
TX02264,C051,T003
TX02265,C051,T003
TX02266,C051,T003
TX02267,C051,T003
TX02268,C051,T003
TX02269,C051,T003
TX02270,C051,T003
TX02271,C051,T003
TX02272,C051,T003
TX02273,C051,T003
TX02274,C051,T003
TX02275,C051,T003
TX02276,C051,T003
TX02277,C051,T003
TX02278,C051,T003
TX02279,C051,T003
TX02280,C051,T003
TX02281,C051,T003
TX02282,C051,T003
TX02283,C051,T003
TX02284,C051,T003
TX02285,C051,T003
TX02286,C051,T003
TX02287,C051,T003
TX02288,C051,T003
TX02289,C051,T003
TX02290,C051,T003
TX02291,C051,T003
TX02292,C051,T003
TX02293,C051,T003
TX02294,C051,T003
TX02295,C051,T003
TX02296,C051,T003
TX02297,C051,T003
TX02298,C051,T003
TX02299,C051,T003
TX02300,C051,T003
TX02301,C051,T003
TX02302,C051,T003
TX02303,C051,T003
TX02304,C051,T003
TX02305,C051,T003
TX02306,C051,T003
TX02307,C051,T003
TX02308,C051,T003
TX02309,C051,T003
TX02310,C052,T004
TX02311,C052,T004
TX02312,C052,T004
TX02313,C052,T004
TX02314,C052,T004
TX02315,C052,T004
TX02316,C052,T004
TX02317,C052,T004
TX02318,C052,T004
TX02319,C052,T004
TX02320,C052,T004
TX02321,C052,T004
TX02322,C052,T004
TX02323,C052,T004
TX02324,C052,T004
TX02325,C052,T004
TX02326,C052,T004
TX02327,C052,T004
TX02328,C052,T004
TX02329,C052,T004
TX02330,C052,T004
TX02331,C052,T004
TX02332,C052,T004
TX02333,C052,T004
TX02334,C052,T004
TX02335,C052,T004
TX02336,C052,T004
TX02337,C052,T004
TX02338,C052,T004
TX02339,C052,T004
TX02340,C052,T004
TX02341,C052,T004
TX02342,C052,T004
TX02343,C052,T004
TX02344,C052,T004
TX02345,C052,T004
TX02346,C052,T004
TX02347,C052,T004
TX02348,C052,T004
TX02349,C052,T004
TX02350,C052,T004
TX02351,C052,T004
TX02352,C052,T004
TX02353,C052,T004
TX02354,C052,T004
TX02355,C052,T004
TX02356,C052,T004
TX02357,C052,T004
TX02358,C052,T004
TX02359,C052,T004
TX02360,C052,T004
TX02361,C052,T004
TX02362,C052,T004
TX02363,C052,T004
TX02364,C052,T004
TX02365,C052,T004
TX02366,C052,T004
TX02367,C052,T004
TX02368,C052,T004
TX02369,C052,T004
TX02370,C052,T004
TX02371,C052,T004
TX02372,C052,T004
TX02373,C052,T004
TX02374,C052,T004
TX02375,C052,T004
TX02376,C052,T004
TX02377,C052,T004
TX02378,C052,T004
TX02379,C052,T004
TX02380,C052,T004
TX02381,C052,T004
TX02382,C052,T004
TX02383,C052,T004
TX02384,C052,T004
TX02385,C053,T005
TX02386,C053,T005
TX02387,C053,T005
TX02388,C053,T005
TX02389,C053,T005
TX02390,C053,T005
TX02391,C053,T005
TX02392,C053,T005
TX02393,C053,T005
TX02394,C053,T005
TX02395,C053,T005
TX02396,C053,T005
TX02397,C053,T005
TX02398,C053,T005
TX02399,C053,T005
TX02400,C053,T005
TX02401,C053,T005
TX02402,C053,T005
TX02403,C053,T005
TX02404,C053,T005
TX02405,C053,T005
TX02406,C053,T005
TX02407,C054,T006
TX02408,C054,T006
TX02409,C054,T006
TX02410,C054,T006
TX02411,C054,T006
TX02412,C054,T006
TX02413,C054,T006
TX02414,C054,T006
TX02415,C054,T006
TX02416,C054,T006
TX02417,C054,T006
TX02418,C054,T006
TX02419,C054,T006
TX02420,C054,T006
TX02421,C054,T006
TX02422,C054,T006
TX02423,C054,T006
TX02424,C054,T006
TX02425,C054,T006
TX02426,C054,T006
TX02427,C054,T006
TX02428,C054,T006
TX02429,C054,T006
TX02430,C054,T006
TX02431,C054,T006
TX02432,C054,T006
TX02433,C054,T006
TX02434,C054,T006
TX02435,C054,T006
TX02436,C054,T006
TX02437,C054,T006
TX02438,C054,T006
TX02439,C054,T006
TX02440,C054,T006
TX02441,C054,T006
TX02442,C055,T007
TX02443,C055,T007
TX02444,C055,T007
TX02445,C055,T007
TX02446,C055,T007
TX02447,C055,T007
TX02448,C055,T007
TX02449,C055,T007
TX02450,C055,T007
TX02451,C055,T007
TX02452,C055,T007
TX02453,C055,T007
TX02454,C055,T007
TX02455,C055,T007
TX02456,C055,T007
TX02457,C055,T007
TX02458,C055,T007
TX02459,C055,T007
TX02460,C055,T007
TX02461,C055,T007
TX02462,C055,T007
TX02463,C055,T007
TX02464,C055,T007
TX02465,C055,T007
TX02466,C055,T007
TX02467,C055,T007
TX02468,C055,T007
TX02469,C055,T007
TX02470,C055,T007
TX02471,C055,T007
TX02472,C055,T007
TX02473,C055,T007
TX02474,C055,T007
TX02475,C055,T007
TX02476,C055,T007
TX02477,C055,T007
TX02478,C055,T007
TX02479,C055,T007
TX02480,C055,T007
TX02481,C055,T007
TX02482,C055,T007
TX02483,C055,T007
TX02484,C055,T007
TX02485,C055,T007
TX02486,C055,T007
TX02487,C055,T007
TX02488,C055,T007
TX02489,C055,T007
TX02490,C056,T008
TX02491,C056,T008
TX02492,C056,T008
TX02493,C056,T008
TX02494,C056,T008
TX02495,C056,T008
TX02496,C056,T008
TX02497,C056,T008
TX02498,C056,T008
TX02499,C056,T008
TX02500,C056,T008
TX02501,C056,T008
TX02502,C056,T008
TX02503,C056,T008
TX02504,C056,T008
TX02505,C056,T008
TX02506,C056,T008
TX02507,C056,T008
TX02508,C056,T008
TX02509,C056,T008
TX02510,C056,T008
TX02511,C056,T008
TX02512,C056,T008
TX02513,C056,T008
TX02514,C056,T008
TX02515,C056,T008
TX02516,C056,T008
TX02517,C056,T008
TX02518,C057,T009
TX02519,C057,T009
TX02520,C057,T009
TX02521,C057,T009
TX02522,C057,T009
TX02523,C057,T009
TX02524,C057,T009
TX02525,C057,T009
TX02526,C057,T009
TX02527,C057,T009
TX02528,C057,T009
TX02529,C057,T009
TX02530,C057,T009
TX02531,C057,T009
TX02532,C057,T009
TX02533,C057,T009
TX02534,C057,T009
TX02535,C057,T009
TX02536,C057,T009
TX02537,C057,T009
TX02538,C057,T009
TX02539,C057,T009
TX02540,C057,T009
TX02541,C057,T009
TX02542,C057,T009
TX02543,C057,T009
TX02544,C057,T009
TX02545,C057,T009
TX02546,C057,T009
TX02547,C057,T009
TX02548,C057,T009
TX02549,C057,T009
TX02550,C057,T009
TX02551,C058,T010
TX02552,C058,T010
TX02553,C058,T010
TX02554,C058,T010
TX02555,C058,T010
TX02556,C058,T010
TX02557,C058,T010
TX02558,C058,T010
TX02559,C058,T010
TX02560,C058,T010
TX02561,C058,T010
TX02562,C058,T010
TX02563,C058,T010
TX02564,C058,T010
TX02565,C058,T010
TX02566,C058,T010
TX02567,C058,T010
TX02568,C058,T010
TX02569,C058,T010
TX02570,C058,T010
TX02571,C058,T010
TX02572,C058,T010
TX02573,C058,T010
TX02574,C058,T010
TX02575,C058,T010
TX02576,C058,T010
TX02577,C058,T010
TX02578,C058,T010
TX02579,C058,T010
TX02580,C058,T010
TX02581,C058,T010
TX02582,C058,T010
TX02583,C058,T010
TX02584,C058,T010
TX02585,C058,T010
TX02586,C058,T010
TX02587,C058,T010
TX02588,C058,T010
TX02589,C058,T010
TX02590,C058,T010
TX02591,C058,T010
TX02592,C058,T010
TX02593,C058,T010
TX02594,C058,T010
TX02595,C058,T010
TX02596,C058,T010
TX02597,C058,T010
TX02598,C058,T010
TX02599,C058,T010
TX02600,C058,T010
TX02601,C058,T010
TX02602,C058,T010
TX02603,C058,T010
TX02604,C058,T010
TX02605,C058,T010
TX02606,C058,T010
TX02607,C058,T010
TX02608,C058,T010
TX02609,C058,T010
TX02610,C058,T010
TX02611,C058,T010
TX02612,C058,T010
TX02613,C058,T010
TX02614,C058,T010
TX02615,C058,T010
TX02616,C058,T010
TX02617,C058,T010
TX02618,C058,T010
TX02619,C058,T010
TX02620,C058,T010
TX02621,C058,T010
TX02622,C058,T010
TX02623,C058,T010
TX02624,C059,T011
TX02625,C059,T011
TX02626,C059,T011
TX02627,C059,T011
TX02628,C059,T011
TX02629,C059,T011
TX02630,C059,T011
TX02631,C059,T011
TX02632,C059,T011
TX02633,C059,T011
TX02634,C059,T011
TX02635,C059,T011
TX02636,C059,T011
TX02637,C059,T011
TX02638,C059,T011
TX02639,C059,T011
TX02640,C059,T011
TX02641,C059,T011
TX02642,C059,T011
TX02643,C059,T011
TX02644,C059,T011
TX02645,C059,T011
TX02646,C059,T011
TX02647,C059,T011
TX02648,C060,T012
TX02649,C060,T012
TX02650,C060,T012
TX02651,C060,T012
TX02652,C060,T012
TX02653,C060,T012
TX02654,C060,T012
TX02655,C060,T012
TX02656,C060,T012
TX02657,C060,T012
TX02658,C060,T012
TX02659,C060,T012
TX02660,C060,T012
TX02661,C060,T012
TX02662,C060,T012
TX02663,C060,T012
TX02664,C060,T012
TX02665,C060,T012
TX02666,C060,T012
TX02667,C060,T012
TX02668,C060,T012
TX02669,C060,T012
TX02670,C060,T012
TX02671,C060,T012
TX02672,C060,T012
TX02673,C060,T012
TX02674,C060,T012
TX02675,C060,T012
TX02676,C060,T012
TX02677,C060,T012
TX02678,C060,T012
TX02679,C060,T012
TX02680,C060,T012
TX02681,C060,T012
TX02682,C060,T012
TX02683,C060,T012
TX02684,C061,T013
TX02685,C061,T013
TX02686,C061,T013
TX02687,C061,T013
TX02688,C061,T013
TX02689,C061,T013
TX02690,C061,T013
TX02691,C061,T013
TX02692,C061,T013
TX02693,C061,T013
TX02694,C061,T013
TX02695,C061,T013
TX02696,C061,T013
TX02697,C061,T013
TX02698,C061,T013
TX02699,C061,T013
TX02700,C061,T013
TX02701,C061,T013
TX02702,C061,T013
TX02703,C061,T013
TX02704,C061,T013
TX02705,C061,T013
TX02706,C061,T013
TX02707,C061,T013
TX02708,C061,T013
TX02709,C061,T013
TX02710,C061,T013
TX02711,C061,T013
TX02712,C061,T013
TX02713,C061,T013
TX02714,C061,T013
TX02715,C061,T013
TX02716,C061,T013
TX02717,C061,T013
TX02718,C061,T013
TX02719,C061,T013
TX02720,C061,T013
TX02721,C061,T013
TX02722,C061,T013
TX02723,C061,T013
TX02724,C061,T013
TX02725,C061,T013
TX02726,C062,T014
TX02727,C062,T014
TX02728,C062,T014
TX02729,C062,T014
TX02730,C062,T014
TX02731,C062,T014
TX02732,C062,T014
TX02733,C062,T014
TX02734,C062,T014
TX02735,C062,T014
TX02736,C062,T014
TX02737,C062,T014
TX02738,C062,T014
TX02739,C062,T014
TX02740,C062,T014
TX02741,C062,T014
TX02742,C062,T014
TX02743,C062,T014
TX02744,C062,T014
TX02745,C062,T014
TX02746,C062,T014
TX02747,C062,T014
TX02748,C062,T014
TX02749,C062,T014
TX02750,C062,T014
TX02751,C062,T014
TX02752,C062,T014
TX02753,C062,T014
TX02754,C062,T014
TX02755,C062,T014
TX02756,C062,T014
TX02757,C062,T014
TX02758,C062,T014
TX02759,C062,T014
TX02760,C062,T014
TX02761,C062,T014
TX02762,C062,T014
TX02763,C062,T014
TX02764,C062,T014
TX02765,C062,T014
TX02766,C062,T014
TX02767,C062,T014
TX02768,C062,T014
TX02769,C062,T014
TX02770,C062,T014
TX02771,C062,T014
TX02772,C062,T014
TX02773,C062,T014
TX02774,C062,T014
TX02775,C062,T014
TX02776,C063,T015
TX02777,C063,T015
TX02778,C063,T015
TX02779,C063,T015
TX02780,C063,T015
TX02781,C063,T015
TX02782,C063,T015
TX02783,C063,T015
TX02784,C063,T015
TX02785,C063,T015
TX02786,C063,T015
TX02787,C063,T015
TX02788,C063,T015
TX02789,C063,T015
TX02790,C063,T015
TX02791,C063,T015
TX02792,C063,T015
TX02793,C063,T015
TX02794,C063,T015
TX02795,C063,T015
TX02796,C063,T015
TX02797,C063,T015
TX02798,C063,T015
TX02799,C063,T015
TX02800,C063,T015
TX02801,C063,T015
TX02802,C063,T015
TX02803,C063,T015
TX02804,C063,T015
TX02805,C063,T015
TX02806,C063,T015
TX02807,C063,T015
TX02808,C063,T015
TX02809,C063,T015
TX02810,C063,T015
TX02811,C063,T015
TX02812,C063,T015
TX02813,C063,T015
TX02814,C063,T015
TX02815,C063,T015
TX02816,C063,T015
TX02817,C063,T015
TX02818,C064,T016
TX02819,C064,T016
TX02820,C064,T016
TX02821,C064,T016
TX02822,C064,T016
TX02823,C064,T016
TX02824,C064,T016
TX02825,C064,T016
TX02826,C064,T016
TX02827,C064,T016
TX02828,C064,T016
TX02829,C064,T016
TX02830,C064,T016
TX02831,C064,T016
TX02832,C064,T016
TX02833,C064,T016
TX02834,C064,T016
TX02835,C064,T016
TX02836,C064,T016
TX02837,C064,T016
TX02838,C064,T016
TX02839,C064,T016
TX02840,C064,T016
TX02841,C064,T016
TX02842,C064,T016
TX02843,C064,T016
TX02844,C064,T016
TX02845,C064,T016
TX02846,C064,T016
TX02847,C064,T016
TX02848,C064,T016
TX02849,C064,T016
TX02850,C064,T016
TX02851,C064,T016
TX02852,C064,T016
TX02853,C064,T016
TX02854,C064,T016
TX02855,C064,T016
TX02856,C064,T016
TX02857,C064,T016
TX02858,C064,T016
TX02859,C064,T016
TX02860,C064,T016
TX02861,C064,T016
TX02862,C064,T016
TX02863,C064,T016
TX02864,C064,T016
TX02865,C064,T016
TX02866,C064,T016
TX02867,C064,T016
TX02868,C064,T016
TX02869,C064,T016
TX02870,C064,T016
TX02871,C065,T017
TX02872,C065,T017
TX02873,C065,T017
TX02874,C065,T017
TX02875,C065,T017
TX02876,C065,T017
TX02877,C065,T017
TX02878,C065,T017
TX02879,C065,T017
TX02880,C065,T017
TX02881,C065,T017
TX02882,C065,T017
TX02883,C065,T017
TX02884,C065,T017
TX02885,C065,T017
TX02886,C065,T017
TX02887,C065,T017
TX02888,C065,T017
TX02889,C065,T017
TX02890,C065,T017
TX02891,C065,T017
TX02892,C065,T017
TX02893,C065,T017
TX02894,C065,T017
TX02895,C065,T017
TX02896,C065,T017
TX02897,C065,T017
TX02898,C065,T017
TX02899,C065,T017
TX02900,C065,T017
TX02901,C065,T017
TX02902,C065,T017
TX02903,C065,T017
TX02904,C065,T017
TX02905,C065,T017
TX02906,C065,T017
TX02907,C065,T017
TX02908,C065,T017
TX02909,C065,T017
TX02910,C066,T018
TX02911,C066,T018
TX02912,C066,T018
TX02913,C066,T018
TX02914,C066,T018
TX02915,C066,T018
TX02916,C066,T018
TX02917,C066,T018
TX02918,C066,T018
TX02919,C066,T018
TX02920,C066,T018
TX02921,C066,T018
TX02922,C066,T018
TX02923,C066,T018
TX02924,C066,T018
TX02925,C066,T018
TX02926,C066,T018
TX02927,C066,T018
TX02928,C066,T018
TX02929,C066,T018
TX02930,C066,T018
TX02931,C066,T018
TX02932,C066,T018
TX02933,C066,T018
TX02934,C066,T018
TX02935,C066,T018
TX02936,C066,T018
TX02937,C066,T018
TX02938,C066,T018
TX02939,C066,T018
TX02940,C066,T018
TX02941,C066,T018
TX02942,C066,T018
TX02943,C066,T018
TX02944,C067,T019
TX02945,C067,T019
TX02946,C067,T019
TX02947,C067,T019
TX02948,C067,T019
TX02949,C067,T019
TX02950,C067,T019
TX02951,C067,T019
TX02952,C067,T019
TX02953,C067,T019
TX02954,C067,T019
TX02955,C067,T019
TX02956,C067,T019
TX02957,C067,T019
TX02958,C067,T019
TX02959,C067,T019
TX02960,C067,T019
TX02961,C067,T019
TX02962,C067,T019
TX02963,C067,T019
TX02964,C067,T019
TX02965,C067,T019
TX02966,C067,T019
TX02967,C067,T019
TX02968,C067,T019
TX02969,C067,T019
TX02970,C067,T019
TX02971,C067,T019
TX02972,C068,T020
TX02973,C068,T020
TX02974,C068,T020
TX02975,C068,T020
TX02976,C068,T020
TX02977,C068,T020
TX02978,C068,T020
TX02979,C068,T020
TX02980,C068,T020
TX02981,C068,T020
TX02982,C068,T020
TX02983,C068,T020
TX02984,C068,T020
TX02985,C068,T020
TX02986,C068,T020
TX02987,C068,T020
TX02988,C068,T020
TX02989,C068,T020
TX02990,C068,T020
TX02991,C068,T020
TX02992,C068,T020
TX02993,C068,T020
TX02994,C068,T020
TX02995,C068,T020
TX02996,C068,T020
TX02997,C068,T020
TX02998,C068,T020
TX02999,C068,T020
TX03000,C068,T020
TX03001,C068,T020
TX03002,C068,T020
TX03003,C068,T020
TX03004,C068,T020
TX03005,C068,T020
TX03006,C068,T020
TX03007,C068,T020
TX03008,C068,T020
TX03009,C068,T020
TX03010,C068,T020
TX03011,C068,T020
TX03012,C068,T020
TX03013,C068,T020
TX03014,C068,T020
TX03015,C069,T021
TX03016,C069,T021
TX03017,C069,T021
TX03018,C069,T021
TX03019,C069,T021
TX03020,C069,T021
TX03021,C069,T021
TX03022,C069,T021
TX03023,C069,T021
TX03024,C069,T021
TX03025,C069,T021
TX03026,C069,T021
TX03027,C069,T021
TX03028,C069,T021
TX03029,C069,T021
TX03030,C069,T021
TX03031,C069,T021
TX03032,C069,T021
TX03033,C069,T021
TX03034,C069,T021
TX03035,C069,T021
TX03036,C069,T021
TX03037,C069,T021
TX03038,C069,T021
TX03039,C069,T021
TX03040,C069,T021
TX03041,C069,T021
TX03042,C069,T021
TX03043,C069,T021
TX03044,C069,T021
TX03045,C069,T021
TX03046,C069,T021
TX03047,C069,T021
TX03048,C070,T022
TX03049,C070,T022
TX03050,C070,T022
TX03051,C070,T022
TX03052,C070,T022
TX03053,C070,T022
TX03054,C070,T022
TX03055,C070,T022
TX03056,C070,T022
TX03057,C070,T022
TX03058,C070,T022
TX03059,C070,T022
TX03060,C070,T022
TX03061,C070,T022
TX03062,C070,T022
TX03063,C070,T022
TX03064,C070,T022
TX03065,C070,T022
TX03066,C070,T022
TX03067,C070,T022
TX03068,C070,T022
TX03069,C070,T022
TX03070,C070,T022
TX03071,C070,T022
TX03072,C070,T022
TX03073,C070,T022
TX03074,C070,T022
TX03075,C070,T022
TX03076,C070,T022
TX03077,C070,T022
TX03078,C070,T022
TX03079,C070,T022
TX03080,C070,T022
TX03081,C070,T022
TX03082,C070,T022
TX03083,C070,T022
TX03084,C070,T022
TX03085,C070,T022
TX03086,C070,T022
TX03087,C070,T022
TX03088,C070,T022
TX03089,C070,T022
TX03090,C070,T022
TX03091,C070,T022
TX03092,C070,T022
TX03093,C070,T022
TX03094,C070,T022
TX03095,C070,T022
TX03096,C070,T022
TX03097,C070,T022
TX03098,C070,T022
TX03099,C070,T022
TX03100,C070,T022
TX03101,C070,T022
TX03102,C070,T022
TX03103,C070,T022
TX03104,C071,T023
TX03105,C071,T023
TX03106,C071,T023
TX03107,C071,T023
TX03108,C071,T023
TX03109,C071,T023
TX03110,C071,T023
TX03111,C071,T023
TX03112,C071,T023
TX03113,C071,T023
TX03114,C071,T023
TX03115,C071,T023
TX03116,C071,T023
TX03117,C071,T023
TX03118,C071,T023
TX03119,C071,T023
TX03120,C071,T023
TX03121,C071,T023
TX03122,C071,T023
TX03123,C071,T023
TX03124,C071,T023
TX03125,C071,T023
TX03126,C071,T023
TX03127,C071,T023
TX03128,C071,T023
TX03129,C071,T023
TX03130,C071,T023
TX03131,C071,T023
TX03132,C071,T023
TX03133,C071,T023
TX03134,C071,T023
TX03135,C071,T023
TX03136,C071,T023
TX03137,C071,T023
TX03138,C071,T023
TX03139,C071,T023
TX03140,C071,T023
TX03141,C071,T023
TX03142,C072,T024
TX03143,C072,T024
TX03144,C072,T024
TX03145,C072,T024
TX03146,C072,T024
TX03147,C072,T024
TX03148,C072,T024
TX03149,C072,T024
TX03150,C072,T024
TX03151,C072,T024
TX03152,C072,T024
TX03153,C072,T024
TX03154,C072,T024
TX03155,C072,T024
TX03156,C072,T024
TX03157,C072,T024
TX03158,C072,T024
TX03159,C072,T024
TX03160,C072,T024
TX03161,C072,T024
TX03162,C072,T024
TX03163,C072,T024
TX03164,C072,T024
TX03165,C072,T024
TX03166,C072,T024
TX03167,C072,T024
TX03168,C072,T024
TX03169,C072,T024
TX03170,C072,T024
TX03171,C072,T024
TX03172,C072,T024
TX03173,C072,T024
TX03174,C072,T024
TX03175,C072,T024
TX03176,C072,T024
TX03177,C072,T024
TX03178,C072,T024
TX03179,C072,T024
TX03180,C072,T024
TX03181,C072,T024
TX03182,C072,T024
TX03183,C072,T024
TX03184,C072,T024
TX03185,C072,T024
TX03186,C072,T024
TX03187,C072,T024
TX03188,C072,T024
TX03189,C072,T024
TX03190,C072,T024
TX03191,C073,T025
TX03192,C073,T025
TX03193,C073,T025
TX03194,C073,T025
TX03195,C073,T025
TX03196,C073,T025
TX03197,C073,T025
TX03198,C073,T025
TX03199,C073,T025
TX03200,C073,T025
TX03201,C073,T025
TX03202,C073,T025
TX03203,C073,T025
TX03204,C073,T025
TX03205,C073,T025
TX03206,C073,T025
TX03207,C073,T025
TX03208,C073,T025
TX03209,C073,T025
TX03210,C073,T025
TX03211,C073,T025
TX03212,C073,T025
TX03213,C073,T025
TX03214,C073,T025
TX03215,C073,T025
TX03216,C073,T025
TX03217,C073,T025
TX03218,C073,T025
TX03219,C073,T025
TX03220,C073,T025
TX03221,C073,T025
TX03222,C073,T025
TX03223,C073,T025
TX03224,C073,T025
TX03225,C074,T026
TX03226,C074,T026
TX03227,C074,T026
TX03228,C074,T026
TX03229,C074,T026
TX03230,C074,T026
TX03231,C074,T026
TX03232,C074,T026
TX03233,C074,T026
TX03234,C074,T026
TX03235,C074,T026
TX03236,C074,T026
TX03237,C074,T026
TX03238,C074,T026
TX03239,C074,T026
TX03240,C074,T026
TX03241,C074,T026
TX03242,C074,T026
TX03243,C074,T026
TX03244,C074,T026
TX03245,C074,T026
TX03246,C074,T026
TX03247,C074,T026
TX03248,C074,T026
TX03249,C074,T026
TX03250,C074,T026
TX03251,C074,T026
TX03252,C075,T027
TX03253,C075,T027
TX03254,C075,T027
TX03255,C075,T027
TX03256,C075,T027
TX03257,C075,T027
TX03258,C075,T027
TX03259,C075,T027
TX03260,C075,T027
TX03261,C075,T027
TX03262,C075,T027
TX03263,C075,T027
TX03264,C075,T027
TX03265,C075,T027
TX03266,C075,T027
TX03267,C075,T027
TX03268,C075,T027
TX03269,C075,T027
TX03270,C075,T027
TX03271,C075,T027
TX03272,C075,T027
TX03273,C075,T027
TX03274,C075,T027
TX03275,C075,T027
TX03276,C075,T027
TX03277,C075,T027
TX03278,C075,T027
TX03279,C075,T027
TX03280,C075,T027
TX03281,C075,T027
TX03282,C075,T027
TX03283,C075,T027
TX03284,C075,T027
TX03285,C075,T027
TX03286,C075,T027
TX03287,C075,T027
TX03288,C075,T027
TX03289,C075,T027
TX03290,C075,T027
TX03291,C075,T027
TX03292,C075,T027
TX03293,C075,T027
TX03294,C075,T027
TX03295,C075,T027
TX03296,C075,T027
TX03297,C075,T027
TX03298,C075,T027
TX03299,C075,T027
TX03300,C075,T027
TX03301,C075,T027
TX03302,C075,T027
TX03303,C075,T027
TX03304,C075,T027
TX03305,C075,T027
TX03306,C076,T028
TX03307,C076,T028
TX03308,C076,T028
TX03309,C076,T028
TX03310,C076,T028
TX03311,C076,T028
TX03312,C076,T028
TX03313,C076,T028
TX03314,C076,T028
TX03315,C076,T028
TX03316,C076,T028
TX03317,C076,T028
TX03318,C076,T028
TX03319,C076,T028
TX03320,C076,T028
TX03321,C076,T028
TX03322,C076,T028
TX03323,C076,T028
TX03324,C076,T028
TX03325,C076,T028
TX03326,C076,T028
TX03327,C076,T028
TX03328,C076,T028
TX03329,C076,T028
TX03330,C076,T028
TX03331,C076,T028
TX03332,C076,T028
TX03333,C076,T028
TX03334,C076,T028
TX03335,C076,T028
TX03336,C076,T028
TX03337,C076,T028
TX03338,C076,T028
TX03339,C076,T028
TX03340,C076,T028
TX03341,C076,T028
TX03342,C076,T028
TX03343,C076,T028
TX03344,C076,T028
TX03345,C076,T028
TX03346,C076,T028
TX03347,C076,T028
TX03348,C076,T028
TX03349,C076,T028
TX03350,C076,T028
TX03351,C076,T028
TX03352,C076,T028
TX03353,C076,T028
TX03354,C077,T029
TX03355,C077,T029
TX03356,C077,T029
TX03357,C077,T029
TX03358,C077,T029
TX03359,C077,T029
TX03360,C077,T029
TX03361,C077,T029
TX03362,C077,T029
TX03363,C077,T029
TX03364,C077,T029
TX03365,C077,T029
TX03366,C077,T029
TX03367,C077,T029
TX03368,C077,T029
TX03369,C077,T029
TX03370,C077,T029
TX03371,C077,T029
TX03372,C077,T029
TX03373,C077,T029
TX03374,C077,T029
TX03375,C077,T029
TX03376,C077,T029
TX03377,C077,T029
TX03378,C077,T029
TX03379,C077,T029
TX03380,C077,T029
TX03381,C077,T029
TX03382,C077,T029
TX03383,C077,T029
TX03384,C077,T029
TX03385,C077,T029
TX03386,C077,T029
TX03387,C077,T029
TX03388,C077,T029
TX03389,C077,T029
TX03390,C077,T029
TX03391,C077,T029
TX03392,C078,T030
TX03393,C078,T030
TX03394,C078,T030
TX03395,C078,T030
TX03396,C078,T030
TX03397,C078,T030
TX03398,C078,T030
TX03399,C078,T030
TX03400,C078,T030
TX03401,C078,T030
TX03402,C078,T030
TX03403,C078,T030
TX03404,C078,T030
TX03405,C078,T030
TX03406,C078,T030
TX03407,C078,T030
TX03408,C078,T030
TX03409,C078,T030
TX03410,C078,T030
TX03411,C079,T031
TX03412,C079,T031
TX03413,C079,T031
TX03414,C079,T031
TX03415,C079,T031
TX03416,C079,T031
TX03417,C079,T031
TX03418,C079,T031
TX03419,C079,T031
TX03420,C079,T031
TX03421,C079,T031
TX03422,C079,T031
TX03423,C079,T031
TX03424,C079,T031
TX03425,C079,T031
TX03426,C079,T031
TX03427,C079,T031
TX03428,C079,T031
TX03429,C079,T031
TX03430,C079,T031
TX03431,C079,T031
TX03432,C079,T031
TX03433,C079,T031
TX03434,C079,T031
TX03435,C079,T031
TX03436,C079,T031
TX03437,C079,T031
TX03438,C079,T031
TX03439,C079,T031
TX03440,C079,T031
TX03441,C079,T031
TX03442,C079,T031
TX03443,C079,T031
TX03444,C079,T031
TX03445,C079,T031
TX03446,C079,T031
TX03447,C079,T031
TX03448,C079,T031
TX03449,C079,T031
TX03450,C079,T031
TX03451,C079,T031
TX03452,C079,T031
TX03453,C079,T031
TX03454,C079,T031
TX03455,C079,T031
TX03456,C079,T031
TX03457,C079,T031
TX03458,C079,T031
TX03459,C079,T031
TX03460,C079,T031
TX03461,C079,T031
TX03462,C079,T031
TX03463,C079,T031
TX03464,C079,T031
TX03465,C079,T031
TX03466,C079,T031
TX03467,C080,T032
TX03468,C080,T032
TX03469,C080,T032
TX03470,C080,T032
TX03471,C080,T032
TX03472,C080,T032
TX03473,C080,T032
TX03474,C080,T032
TX03475,C080,T032
TX03476,C080,T032
TX03477,C080,T032
TX03478,C080,T032
TX03479,C080,T032
TX03480,C080,T032
TX03481,C080,T032
TX03482,C080,T032
TX03483,C080,T032
TX03484,C080,T032
TX03485,C080,T032
TX03486,C080,T032
TX03487,C080,T032
TX03488,C080,T032
TX03489,C080,T032
TX03490,C080,T032
TX03491,C080,T032
TX03492,C080,T032
TX03493,C080,T032
TX03494,C080,T032
TX03495,C080,T032
TX03496,C080,T032
TX03497,C080,T032
TX03498,C080,T032
TX03499,C080,T032
TX03500,C080,T032
TX03501,C080,T032
TX03502,C081,T033
TX03503,C081,T033
TX03504,C081,T033
TX03505,C081,T033
TX03506,C081,T033
TX03507,C081,T033
TX03508,C081,T033
TX03509,C081,T033
TX03510,C081,T033
TX03511,C081,T033
TX03512,C081,T033
TX03513,C081,T033
TX03514,C081,T033
TX03515,C081,T033
TX03516,C081,T033
TX03517,C081,T033
TX03518,C081,T033
TX03519,C081,T033
TX03520,C081,T033
TX03521,C081,T033
TX03522,C081,T033
TX03523,C081,T033
TX03524,C081,T033
TX03525,C081,T033
TX03526,C081,T033
TX03527,C081,T033
TX03528,C081,T033
TX03529,C081,T033
TX03530,C081,T033
TX03531,C081,T033
TX03532,C081,T033
TX03533,C081,T033
TX03534,C081,T033
TX03535,C081,T033
TX03536,C081,T033
TX03537,C082,T034
TX03538,C082,T034
TX03539,C082,T034
TX03540,C082,T034
TX03541,C082,T034
TX03542,C082,T034
TX03543,C082,T034
TX03544,C082,T034
TX03545,C082,T034
TX03546,C082,T034
TX03547,C082,T034
TX03548,C082,T034
TX03549,C082,T034
TX03550,C082,T034
TX03551,C082,T034
TX03552,C082,T034
TX03553,C082,T034
TX03554,C082,T034
TX03555,C082,T034
TX03556,C082,T034
TX03557,C082,T034
TX03558,C082,T034
TX03559,C082,T034
TX03560,C082,T034
TX03561,C082,T034
TX03562,C082,T034
TX03563,C082,T034
TX03564,C082,T034
TX03565,C082,T034
TX03566,C082,T034
TX03567,C082,T034
TX03568,C083,T035
TX03569,C083,T035
TX03570,C083,T035
TX03571,C083,T035
TX03572,C083,T035
TX03573,C083,T035
TX03574,C083,T035
TX03575,C083,T035
TX03576,C083,T035
TX03577,C083,T035
TX03578,C083,T035
TX03579,C083,T035
TX03580,C083,T035
TX03581,C083,T035
TX03582,C083,T035
TX03583,C083,T035
TX03584,C083,T035
TX03585,C083,T035
TX03586,C083,T035
TX03587,C083,T035
TX03588,C083,T035
TX03589,C083,T035
TX03590,C083,T035
TX03591,C083,T035
TX03592,C083,T035
TX03593,C083,T035
TX03594,C083,T035
TX03595,C083,T035
TX03596,C083,T035
TX03597,C083,T035
TX03598,C083,T035
TX03599,C083,T035
TX03600,C083,T035
TX03601,C083,T035
TX03602,C083,T035
TX03603,C083,T035
TX03604,C083,T035
TX03605,C083,T035
TX03606,C083,T035
TX03607,C083,T035
TX03608,C083,T035
TX03609,C083,T035
TX03610,C083,T035
TX03611,C083,T035
TX03612,C083,T035
TX03613,C083,T035
TX03614,C083,T035
TX03615,C083,T035
TX03616,C083,T035
TX03617,C083,T035
TX03618,C083,T035
TX03619,C083,T035
TX03620,C084,T036
TX03621,C084,T036
TX03622,C084,T036
TX03623,C084,T036
TX03624,C084,T036
TX03625,C084,T036
TX03626,C084,T036
TX03627,C084,T036
TX03628,C084,T036
TX03629,C084,T036
TX03630,C084,T036
TX03631,C084,T036
TX03632,C084,T036
TX03633,C084,T036
TX03634,C084,T036
TX03635,C084,T036
TX03636,C084,T036
TX03637,C084,T036
TX03638,C084,T036
TX03639,C084,T036
TX03640,C084,T036
TX03641,C084,T036
TX03642,C084,T036
TX03643,C084,T036
TX03644,C084,T036
TX03645,C084,T036
TX03646,C084,T036
TX03647,C084,T036
TX03648,C084,T036
TX03649,C084,T036
TX03650,C084,T036
TX03651,C084,T036
TX03652,C084,T036
TX03653,C084,T036
TX03654,C084,T036
TX03655,C084,T036
TX03656,C084,T036
TX03657,C084,T036
TX03658,C084,T036
TX03659,C084,T036
TX03660,C084,T036
TX03661,C084,T036
TX03662,C084,T036
TX03663,C084,T036
TX03664,C084,T036
TX03665,C084,T036
TX03666,C084,T036
TX03667,C084,T036
TX03668,C084,T036
TX03669,C084,T036
TX03670,C084,T036
TX03671,C084,T036
TX03672,C084,T036
TX03673,C085,T037
TX03674,C085,T037
TX03675,C085,T037
TX03676,C085,T037
TX03677,C085,T037
TX03678,C085,T037
TX03679,C085,T037
TX03680,C085,T037
TX03681,C085,T037
TX03682,C085,T037
TX03683,C085,T037
TX03684,C085,T037
TX03685,C085,T037
TX03686,C085,T037
TX03687,C085,T037
TX03688,C085,T037
TX03689,C085,T037
TX03690,C085,T037
TX03691,C085,T037
TX03692,C085,T037
TX03693,C085,T037
TX03694,C085,T037
TX03695,C085,T037
TX03696,C085,T037
TX03697,C085,T037
TX03698,C085,T037
TX03699,C085,T037
TX03700,C085,T037
TX03701,C085,T037
TX03702,C085,T037
TX03703,C085,T037
TX03704,C085,T037
TX03705,C085,T037
TX03706,C085,T037
TX03707,C085,T037
TX03708,C085,T037
TX03709,C085,T037
TX03710,C085,T037
TX03711,C085,T037
TX03712,C085,T037
TX03713,C085,T037
TX03714,C085,T037
TX03715,C086,T038
TX03716,C086,T038
TX03717,C086,T038
TX03718,C086,T038
TX03719,C086,T038
TX03720,C086,T038
TX03721,C086,T038
TX03722,C086,T038
TX03723,C086,T038
TX03724,C086,T038
TX03725,C086,T038
TX03726,C086,T038
TX03727,C086,T038
TX03728,C086,T038
TX03729,C086,T038
TX03730,C086,T038
TX03731,C086,T038
TX03732,C086,T038
TX03733,C086,T038
TX03734,C086,T038
TX03735,C086,T038
TX03736,C086,T038
TX03737,C086,T038
TX03738,C086,T038
TX03739,C086,T038
TX03740,C086,T038
TX03741,C086,T038
TX03742,C086,T038
TX03743,C086,T038
TX03744,C086,T038
TX03745,C086,T038
TX03746,C086,T038
TX03747,C086,T038
TX03748,C086,T038
TX03749,C086,T038
TX03750,C086,T038
TX03751,C086,T038
TX03752,C086,T038
TX03753,C086,T038
TX03754,C086,T038
TX03755,C086,T038
TX03756,C086,T038
TX03757,C086,T038
TX03758,C086,T038
TX03759,C086,T038
TX03760,C086,T038
TX03761,C086,T038
TX03762,C086,T038
TX03763,C086,T038
TX03764,C086,T038
TX03765,C086,T038
TX03766,C086,T038
TX03767,C086,T038
TX03768,C086,T038
TX03769,C086,T038
TX03770,C086,T038
TX03771,C087,T039
TX03772,C087,T039
TX03773,C087,T039
TX03774,C087,T039
TX03775,C087,T039
TX03776,C087,T039
TX03777,C087,T039
TX03778,C087,T039
TX03779,C087,T039
TX03780,C087,T039
TX03781,C087,T039
TX03782,C087,T039
TX03783,C087,T039
TX03784,C087,T039
TX03785,C087,T039
TX03786,C087,T039
TX03787,C087,T039
TX03788,C087,T039
TX03789,C087,T039
TX03790,C087,T039
TX03791,C087,T039
TX03792,C087,T039
TX03793,C087,T039
TX03794,C087,T039
TX03795,C087,T039
TX03796,C087,T039
TX03797,C087,T039
TX03798,C087,T039
TX03799,C087,T039
TX03800,C087,T039
TX03801,C087,T039
TX03802,C087,T039
TX03803,C087,T039
TX03804,C087,T039
TX03805,C087,T039
TX03806,C087,T039
TX03807,C087,T039
TX03808,C087,T039
TX03809,C087,T039
TX03810,C087,T039
TX03811,C087,T039
TX03812,C087,T039
TX03813,C087,T039
TX03814,C087,T039
TX03815,C087,T039
TX03816,C087,T039
TX03817,C087,T039
TX03818,C087,T039
TX03819,C087,T039
TX03820,C087,T039
TX03821,C087,T039
TX03822,C087,T039
TX03823,C087,T039
TX03824,C087,T039
TX03825,C087,T039
TX03826,C087,T039
TX03827,C087,T039
TX03828,C087,T039
TX03829,C087,T039
TX03830,C087,T039
TX03831,C087,T039
TX03832,C087,T039
TX03833,C087,T039
TX03834,C087,T039
TX03835,C088,T040
TX03836,C088,T040
TX03837,C088,T040
TX03838,C088,T040
TX03839,C088,T040
TX03840,C088,T040
TX03841,C088,T040
TX03842,C088,T040
TX03843,C088,T040
TX03844,C088,T040
TX03845,C088,T040
TX03846,C088,T040
TX03847,C088,T040
TX03848,C088,T040
TX03849,C088,T040
TX03850,C088,T040
TX03851,C088,T040
TX03852,C088,T040
TX03853,C088,T040
TX03854,C088,T040
TX03855,C088,T040
TX03856,C088,T040
TX03857,C088,T040
TX03858,C088,T040
TX03859,C088,T040
TX03860,C088,T040
TX03861,C088,T040
TX03862,C088,T040
TX03863,C088,T040
TX03864,C088,T040
TX03865,C088,T040
TX03866,C088,T040
TX03867,C088,T040
TX03868,C088,T040
TX03869,C088,T040
TX03870,C088,T040
TX03871,C088,T040
TX03872,C088,T040
TX03873,C088,T040
TX03874,C088,T040
TX03875,C088,T040
TX03876,C088,T040
TX03877,C088,T040
TX03878,C088,T040
TX03879,C088,T040
TX03880,C088,T040
TX03881,C088,T040
TX03882,C088,T040
TX03883,C088,T040
TX03884,C088,T040
TX03885,C088,T040
TX03886,C088,T040
TX03887,C088,T040
TX03888,C088,T040
TX03889,C088,T040
TX03890,C088,T040
TX03891,C089,T041
TX03892,C089,T041
TX03893,C089,T041
TX03894,C089,T041
TX03895,C089,T041
TX03896,C089,T041
TX03897,C089,T041
TX03898,C089,T041
TX03899,C089,T041
TX03900,C089,T041
TX03901,C089,T041
TX03902,C089,T041
TX03903,C089,T041
TX03904,C089,T041
TX03905,C089,T041
TX03906,C089,T041
TX03907,C089,T041
TX03908,C089,T041
TX03909,C089,T041
TX03910,C089,T041
TX03911,C089,T041
TX03912,C089,T041
TX03913,C089,T041
TX03914,C089,T041
TX03915,C089,T041
TX03916,C089,T041
TX03917,C089,T041
TX03918,C089,T041
TX03919,C089,T041
TX03920,C089,T041
TX03921,C089,T041
TX03922,C089,T041
TX03923,C089,T041
TX03924,C089,T041
TX03925,C089,T041
TX03926,C089,T041
TX03927,C089,T041
TX03928,C089,T041
TX03929,C089,T041
TX03930,C089,T041
TX03931,C089,T041
TX03932,C089,T041
TX03933,C089,T041
TX03934,C089,T041
TX03935,C089,T041
TX03936,C089,T041
TX03937,C089,T041
TX03938,C089,T041
TX03939,C089,T041
TX03940,C089,T041
TX03941,C089,T041
TX03942,C089,T041
TX03943,C089,T041
TX03944,C089,T041
TX03945,C089,T041
TX03946,C089,T041
TX03947,C089,T041
TX03948,C090,T042
TX03949,C090,T042
TX03950,C090,T042
TX03951,C090,T042
TX03952,C090,T042
TX03953,C090,T042
TX03954,C090,T042
TX03955,C090,T042
TX03956,C090,T042
TX03957,C090,T042
TX03958,C090,T042
TX03959,C090,T042
TX03960,C090,T042
TX03961,C090,T042
TX03962,C090,T042
TX03963,C090,T042
TX03964,C090,T042
TX03965,C090,T042
TX03966,C090,T042
TX03967,C090,T042
TX03968,C090,T042
TX03969,C090,T042
TX03970,C090,T042
TX03971,C090,T042
TX03972,C090,T042
TX03973,C090,T042
TX03974,C090,T042
TX03975,C090,T042
TX03976,C090,T042
TX03977,C090,T042
TX03978,C090,T042
TX03979,C090,T042
TX03980,C090,T042
TX03981,C090,T042
TX03982,C090,T042
TX03983,C090,T042
TX03984,C091,T043
TX03985,C091,T043
TX03986,C091,T043
TX03987,C091,T043
TX03988,C091,T043
TX03989,C091,T043
TX03990,C091,T043
TX03991,C091,T043
TX03992,C091,T043
TX03993,C091,T043
TX03994,C091,T043
TX03995,C091,T043
TX03996,C091,T043
TX03997,C091,T043
TX03998,C091,T043
TX03999,C091,T043
TX04000,C091,T043
TX04001,C091,T043
TX04002,C091,T043
TX04003,C091,T043
TX04004,C091,T043
TX04005,C091,T043
TX04006,C091,T043
TX04007,C091,T043
TX04008,C091,T043
TX04009,C091,T043
TX04010,C091,T043
TX04011,C091,T043
TX04012,C091,T043
TX04013,C091,T043
TX04014,C091,T043
TX04015,C091,T043
TX04016,C091,T043
TX04017,C091,T043
TX04018,C091,T043
TX04019,C091,T043
TX04020,C091,T043
TX04021,C091,T043
TX04022,C091,T043
TX04023,C091,T043
TX04024,C091,T043
TX04025,C092,T044
TX04026,C092,T044
TX04027,C092,T044
TX04028,C092,T044
TX04029,C092,T044
TX04030,C092,T044
TX04031,C092,T044
TX04032,C092,T044
TX04033,C092,T044
TX04034,C092,T044
TX04035,C092,T044
TX04036,C092,T044
TX04037,C092,T044
TX04038,C092,T044
TX04039,C092,T044
TX04040,C092,T044
TX04041,C092,T044
TX04042,C092,T044
TX04043,C092,T044
TX04044,C092,T044
TX04045,C092,T044
TX04046,C092,T044
TX04047,C092,T044
TX04048,C092,T044
TX04049,C092,T044
TX04050,C092,T044
TX04051,C092,T044
TX04052,C092,T044
TX04053,C092,T044
TX04054,C092,T044
TX04055,C092,T044
TX04056,C092,T044
TX04057,C092,T044
TX04058,C092,T044
TX04059,C092,T044
TX04060,C092,T044
TX04061,C092,T044
TX04062,C092,T044
TX04063,C093,T045
TX04064,C093,T045
TX04065,C093,T045
TX04066,C093,T045
TX04067,C093,T045
TX04068,C093,T045
TX04069,C093,T045
TX04070,C093,T045
TX04071,C093,T045
TX04072,C093,T045
TX04073,C093,T045
TX04074,C093,T045
TX04075,C093,T045
TX04076,C093,T045
TX04077,C093,T045
TX04078,C093,T045
TX04079,C093,T045
TX04080,C093,T045
TX04081,C093,T045
TX04082,C093,T045
TX04083,C093,T045
TX04084,C093,T045
TX04085,C093,T045
TX04086,C093,T045
TX04087,C093,T045
TX04088,C093,T045
TX04089,C093,T045
TX04090,C093,T045
TX04091,C093,T045
TX04092,C093,T045
TX04093,C093,T045
TX04094,C093,T045
TX04095,C093,T045
TX04096,C093,T045
TX04097,C093,T045
TX04098,C093,T045
TX04099,C093,T045
TX04100,C093,T045
TX04101,C093,T045
TX04102,C093,T045
TX04103,C093,T045
TX04104,C093,T045
TX04105,C093,T045
TX04106,C093,T045
TX04107,C093,T045
TX04108,C093,T045
TX04109,C093,T045
TX04110,C093,T045
TX04111,C093,T045
TX04112,C093,T045
TX04113,C093,T045
TX04114,C093,T045
TX04115,C093,T045
TX04116,C093,T045
TX04117,C093,T045
TX04118,C093,T045
TX04119,C093,T045
TX04120,C093,T045
TX04121,C093,T045
TX04122,C093,T045
TX04123,C093,T045
TX04124,C093,T045
TX04125,C093,T045
TX04126,C093,T045
TX04127,C094,T046
TX04128,C094,T046
TX04129,C094,T046
TX04130,C094,T046
TX04131,C094,T046
TX04132,C094,T046
TX04133,C094,T046
TX04134,C094,T046
TX04135,C094,T046
TX04136,C094,T046
TX04137,C094,T046
TX04138,C094,T046
TX04139,C094,T046
TX04140,C094,T046
TX04141,C094,T046
TX04142,C094,T046
TX04143,C094,T046
TX04144,C095,T047
TX04145,C095,T047
TX04146,C095,T047
TX04147,C095,T047
TX04148,C095,T047
TX04149,C095,T047
TX04150,C095,T047
TX04151,C095,T047
TX04152,C095,T047
TX04153,C095,T047
TX04154,C095,T047
TX04155,C095,T047
TX04156,C095,T047
TX04157,C095,T047
TX04158,C095,T047
TX04159,C095,T047
TX04160,C095,T047
TX04161,C095,T047
TX04162,C095,T047
TX04163,C095,T047
TX04164,C095,T047
TX04165,C095,T047
TX04166,C095,T047
TX04167,C095,T047
TX04168,C095,T047
TX04169,C095,T047
TX04170,C095,T047
TX04171,C095,T047
TX04172,C095,T047
TX04173,C096,T048
TX04174,C096,T048
TX04175,C096,T048
TX04176,C096,T048
TX04177,C096,T048
TX04178,C096,T048
TX04179,C096,T048
TX04180,C096,T048
TX04181,C096,T048
TX04182,C096,T048
TX04183,C096,T048
TX04184,C096,T048
TX04185,C096,T048
TX04186,C096,T048
TX04187,C096,T048
TX04188,C096,T048
TX04189,C096,T048
TX04190,C096,T048
TX04191,C096,T048
TX04192,C096,T048
TX04193,C096,T048
TX04194,C096,T048
TX04195,C096,T048
TX04196,C096,T048
TX04197,C096,T048
TX04198,C096,T048
TX04199,C096,T048
TX04200,C096,T048
TX04201,C096,T048
TX04202,C096,T048
TX04203,C096,T048
TX04204,C096,T048
TX04205,C096,T048
TX04206,C096,T048
TX04207,C096,T048
TX04208,C096,T048
TX04209,C097,T001
TX04210,C097,T001
TX04211,C097,T001
TX04212,C097,T001
TX04213,C097,T001
TX04214,C097,T001
TX04215,C097,T001
TX04216,C097,T001
TX04217,C097,T001
TX04218,C097,T001
TX04219,C097,T001
TX04220,C097,T001
TX04221,C097,T001
TX04222,C097,T001
TX04223,C097,T001
TX04224,C097,T001
TX04225,C097,T001
TX04226,C097,T001
TX04227,C097,T001
TX04228,C097,T001
TX04229,C097,T001
TX04230,C097,T001
TX04231,C097,T001
TX04232,C097,T001
TX04233,C097,T001
TX04234,C097,T001
TX04235,C097,T001
TX04236,C097,T001
TX04237,C097,T001
TX04238,C097,T001
TX04239,C097,T001
TX04240,C097,T001
TX04241,C097,T001
TX04242,C097,T001
TX04243,C097,T001
TX04244,C097,T001
TX04245,C097,T001
TX04246,C097,T001
TX04247,C097,T001
TX04248,C097,T001
TX04249,C097,T001
TX04250,C097,T001
TX04251,C097,T001
TX04252,C097,T001
TX04253,C097,T001
TX04254,C097,T001
TX04255,C097,T001
TX04256,C097,T001
TX04257,C097,T001
TX04258,C097,T001
TX04259,C097,T001
TX04260,C097,T001
TX04261,C097,T001
TX04262,C097,T001
TX04263,C097,T001
TX04264,C097,T001
TX04265,C097,T001
TX04266,C097,T001
TX04267,C097,T001
TX04268,C097,T001
TX04269,C097,T001
TX04270,C097,T001
TX04271,C097,T001
TX04272,C097,T001
TX04273,C097,T001
TX04274,C097,T001
TX04275,C098,T002
TX04276,C098,T002
TX04277,C098,T002
TX04278,C098,T002
TX04279,C098,T002
TX04280,C098,T002
TX04281,C098,T002
TX04282,C098,T002
TX04283,C098,T002
TX04284,C098,T002
TX04285,C098,T002
TX04286,C098,T002
TX04287,C098,T002
TX04288,C098,T002
TX04289,C098,T002
TX04290,C098,T002
TX04291,C098,T002
TX04292,C098,T002
TX04293,C098,T002
TX04294,C098,T002
TX04295,C098,T002
TX04296,C098,T002
TX04297,C098,T002
TX04298,C098,T002
TX04299,C098,T002
TX04300,C098,T002
TX04301,C098,T002
TX04302,C098,T002
TX04303,C098,T002
TX04304,C098,T002
TX04305,C098,T002
TX04306,C098,T002
TX04307,C098,T002
TX04308,C098,T002
TX04309,C098,T002
TX04310,C098,T002
TX04311,C098,T002
TX04312,C098,T002
TX04313,C098,T002
TX04314,C098,T002
TX04315,C098,T002
TX04316,C098,T002
TX04317,C098,T002
TX04318,C098,T002
TX04319,C098,T002
TX04320,C098,T002
TX04321,C098,T002
TX04322,C098,T002
TX04323,C098,T002
TX04324,C098,T002
TX04325,C098,T002
TX04326,C099,T003
TX04327,C099,T003
TX04328,C099,T003
TX04329,C099,T003
TX04330,C099,T003
TX04331,C099,T003
TX04332,C099,T003
TX04333,C099,T003
TX04334,C099,T003
TX04335,C099,T003
TX04336,C099,T003
TX04337,C099,T003
TX04338,C099,T003
TX04339,C099,T003
TX04340,C099,T003
TX04341,C099,T003
TX04342,C099,T003
TX04343,C099,T003
TX04344,C099,T003
TX04345,C099,T003
TX04346,C099,T003
TX04347,C099,T003
TX04348,C099,T003
TX04349,C099,T003
TX04350,C099,T003
TX04351,C099,T003
TX04352,C099,T003
TX04353,C099,T003
TX04354,C099,T003
TX04355,C099,T003
TX04356,C099,T003
TX04357,C099,T003
TX04358,C099,T003
TX04359,C099,T003
TX04360,C099,T003
TX04361,C099,T003
TX04362,C099,T003
TX04363,C099,T003
TX04364,C099,T003
TX04365,C099,T003
TX04366,C099,T003
TX04367,C099,T003
TX04368,C099,T003
TX04369,C099,T003
TX04370,C099,T003
TX04371,C099,T003
TX04372,C099,T003
TX04373,C099,T003
TX04374,C099,T003
TX04375,C099,T003
TX04376,C099,T003
TX04377,C099,T003
TX04378,C099,T003
TX04379,C099,T003
TX04380,C099,T003
TX04381,C099,T003
TX04382,C099,T003
TX04383,C099,T003
TX04384,C099,T003
TX04385,C099,T003
TX04386,C099,T003
TX04387,C099,T003
TX04388,C099,T003
TX04389,C100,T004
TX04390,C100,T004
TX04391,C100,T004
TX04392,C100,T004
TX04393,C100,T004
TX04394,C100,T004
TX04395,C100,T004
TX04396,C100,T004
TX04397,C100,T004
TX04398,C100,T004
TX04399,C100,T004
TX04400,C100,T004
TX04401,C100,T004
TX04402,C100,T004
TX04403,C100,T004
TX04404,C100,T004
TX04405,C100,T004
TX04406,C100,T004
TX04407,C100,T004
TX04408,C100,T004
TX04409,C100,T004
TX04410,C100,T004
TX04411,C100,T004
TX04412,C100,T004
TX04413,C100,T004
TX04414,C100,T004
TX04415,C100,T004
TX04416,C100,T004
TX04417,C100,T004
TX04418,C100,T004
TX04419,C100,T004
TX04420,C100,T004
TX04421,C100,T004
TX04422,C100,T004
TX04423,C100,T004
TX04424,C100,T004
TX04425,C100,T004
TX04426,C100,T004
TX04427,C100,T004
TX04428,C100,T004
TX04429,C100,T004
TX04430,C100,T004
TX04431,C100,T004
TX04432,C100,T004
TX04433,C101,T005
TX04434,C101,T005
TX04435,C101,T005
TX04436,C101,T005
TX04437,C101,T005
TX04438,C101,T005
TX04439,C101,T005
TX04440,C101,T005
TX04441,C101,T005
TX04442,C101,T005
TX04443,C101,T005
TX04444,C101,T005
TX04445,C101,T005
TX04446,C101,T005
TX04447,C101,T005
TX04448,C101,T005
TX04449,C101,T005
TX04450,C101,T005
TX04451,C101,T005
TX04452,C101,T005
TX04453,C101,T005
TX04454,C101,T005
TX04455,C101,T005
TX04456,C101,T005
TX04457,C101,T005
TX04458,C101,T005
TX04459,C101,T005
TX04460,C101,T005
TX04461,C101,T005
TX04462,C101,T005
TX04463,C101,T005
TX04464,C101,T005
TX04465,C101,T005
TX04466,C102,T006
TX04467,C102,T006
TX04468,C102,T006
TX04469,C102,T006
TX04470,C102,T006
TX04471,C102,T006
TX04472,C102,T006
TX04473,C102,T006
TX04474,C102,T006
TX04475,C102,T006
TX04476,C102,T006
TX04477,C102,T006
TX04478,C102,T006
TX04479,C102,T006
TX04480,C102,T006
TX04481,C102,T006
TX04482,C102,T006
TX04483,C102,T006
TX04484,C102,T006
TX04485,C102,T006
TX04486,C102,T006
TX04487,C102,T006
TX04488,C102,T006
TX04489,C102,T006
TX04490,C102,T006
TX04491,C102,T006
TX04492,C102,T006
TX04493,C102,T006
TX04494,C102,T006
TX04495,C102,T006
TX04496,C102,T006
TX04497,C102,T006
TX04498,C102,T006
TX04499,C102,T006
TX04500,C102,T006
TX04501,C102,T006
TX04502,C102,T006
TX04503,C102,T006
TX04504,C102,T006
TX04505,C102,T006
TX04506,C102,T006
TX04507,C102,T006
TX04508,C102,T006
TX04509,C102,T006
TX04510,C102,T006
TX04511,C102,T006
TX04512,C102,T006
TX04513,C102,T006
TX04514,C102,T006
TX04515,C102,T006
TX04516,C102,T006
TX04517,C102,T006
TX04518,C102,T006
TX04519,C102,T006
TX04520,C103,T007
TX04521,C103,T007
TX04522,C103,T007
TX04523,C103,T007
TX04524,C103,T007
TX04525,C103,T007
TX04526,C103,T007
TX04527,C103,T007
TX04528,C103,T007
TX04529,C103,T007
TX04530,C103,T007
TX04531,C103,T007
TX04532,C103,T007
TX04533,C103,T007
TX04534,C103,T007
TX04535,C103,T007
TX04536,C103,T007
TX04537,C103,T007
TX04538,C103,T007
TX04539,C103,T007
TX04540,C103,T007
TX04541,C103,T007
TX04542,C103,T007
TX04543,C103,T007
TX04544,C103,T007
TX04545,C103,T007
TX04546,C103,T007
TX04547,C103,T007
TX04548,C103,T007
TX04549,C103,T007
TX04550,C103,T007
TX04551,C103,T007
TX04552,C104,T008
TX04553,C104,T008
TX04554,C104,T008
TX04555,C104,T008
TX04556,C104,T008
TX04557,C104,T008
TX04558,C104,T008
TX04559,C104,T008
TX04560,C104,T008
TX04561,C104,T008
TX04562,C104,T008
TX04563,C104,T008
TX04564,C104,T008
TX04565,C104,T008
TX04566,C104,T008
TX04567,C104,T008
TX04568,C104,T008
TX04569,C104,T008
TX04570,C104,T008
TX04571,C104,T008
TX04572,C104,T008
TX04573,C104,T008
TX04574,C104,T008
TX04575,C104,T008
TX04576,C104,T008
TX04577,C104,T008
TX04578,C104,T008
TX04579,C104,T008
TX04580,C104,T008
TX04581,C104,T008
TX04582,C104,T008
TX04583,C104,T008
TX04584,C104,T008
TX04585,C104,T008
TX04586,C104,T008
TX04587,C104,T008
TX04588,C104,T008
TX04589,C104,T008
TX04590,C104,T008
TX04591,C104,T008
TX04592,C104,T008
TX04593,C105,T009
TX04594,C105,T009
TX04595,C105,T009
TX04596,C105,T009
TX04597,C105,T009
TX04598,C105,T009
TX04599,C105,T009
TX04600,C105,T009
TX04601,C105,T009
TX04602,C105,T009
TX04603,C105,T009
TX04604,C105,T009
TX04605,C105,T009
TX04606,C105,T009
TX04607,C105,T009
TX04608,C105,T009
TX04609,C105,T009
TX04610,C105,T009
TX04611,C105,T009
TX04612,C105,T009
TX04613,C105,T009
TX04614,C105,T009
TX04615,C105,T009
TX04616,C105,T009
TX04617,C105,T009
TX04618,C105,T009
TX04619,C105,T009
TX04620,C105,T009
TX04621,C105,T009
TX04622,C105,T009
TX04623,C105,T009
TX04624,C105,T009
TX04625,C105,T009
TX04626,C105,T009
TX04627,C105,T009
TX04628,C105,T009
TX04629,C105,T009
TX04630,C105,T009
TX04631,C105,T009
TX04632,C105,T009
TX04633,C106,T010
TX04634,C106,T010
TX04635,C106,T010
TX04636,C106,T010
TX04637,C106,T010
TX04638,C106,T010
TX04639,C106,T010
TX04640,C106,T010
TX04641,C106,T010
TX04642,C106,T010
TX04643,C106,T010
TX04644,C106,T010
TX04645,C106,T010
TX04646,C106,T010
TX04647,C106,T010
TX04648,C106,T010
TX04649,C106,T010
TX04650,C106,T010
TX04651,C106,T010
TX04652,C106,T010
TX04653,C106,T010
TX04654,C106,T010
TX04655,C106,T010
TX04656,C106,T010
TX04657,C106,T010
TX04658,C106,T010
TX04659,C106,T010
TX04660,C106,T010
TX04661,C106,T010
TX04662,C106,T010
TX04663,C106,T010
TX04664,C106,T010
TX04665,C106,T010
TX04666,C106,T010
TX04667,C106,T010
TX04668,C106,T010
TX04669,C106,T010
TX04670,C106,T010
TX04671,C106,T010
TX04672,C106,T010
TX04673,C106,T010
TX04674,C106,T010
TX04675,C106,T010
TX04676,C106,T010
TX04677,C106,T010
TX04678,C106,T010
TX04679,C106,T010
TX04680,C106,T010
TX04681,C106,T010
TX04682,C106,T010
TX04683,C106,T010
TX04684,C106,T010
TX04685,C106,T010
TX04686,C107,T011
TX04687,C107,T011
TX04688,C107,T011
TX04689,C107,T011
TX04690,C107,T011
TX04691,C107,T011
TX04692,C107,T011
TX04693,C107,T011
TX04694,C107,T011
TX04695,C107,T011
TX04696,C107,T011
TX04697,C107,T011
TX04698,C107,T011
TX04699,C107,T011
TX04700,C107,T011
TX04701,C107,T011
TX04702,C107,T011
TX04703,C107,T011
TX04704,C107,T011
TX04705,C107,T011
TX04706,C107,T011
TX04707,C107,T011
TX04708,C107,T011
TX04709,C107,T011
TX04710,C107,T011
TX04711,C107,T011
TX04712,C107,T011
TX04713,C107,T011
TX04714,C107,T011
TX04715,C107,T011
TX04716,C107,T011
TX04717,C108,T012
TX04718,C108,T012
TX04719,C108,T012
TX04720,C108,T012
TX04721,C108,T012
TX04722,C108,T012
TX04723,C108,T012
TX04724,C108,T012
TX04725,C108,T012
TX04726,C108,T012
TX04727,C108,T012
TX04728,C108,T012
TX04729,C108,T012
TX04730,C108,T012
TX04731,C108,T012
TX04732,C108,T012
TX04733,C108,T012
TX04734,C108,T012
TX04735,C108,T012
TX04736,C108,T012
TX04737,C108,T012
TX04738,C108,T012
TX04739,C108,T012
TX04740,C108,T012
TX04741,C108,T012
TX04742,C108,T012
TX04743,C108,T012
TX04744,C109,T013
TX04745,C109,T013
TX04746,C109,T013
TX04747,C109,T013
TX04748,C109,T013
TX04749,C109,T013
TX04750,C109,T013
TX04751,C109,T013
TX04752,C109,T013
TX04753,C109,T013
TX04754,C109,T013
TX04755,C109,T013
TX04756,C109,T013
TX04757,C109,T013
TX04758,C109,T013
TX04759,C109,T013
TX04760,C109,T013
TX04761,C109,T013
TX04762,C109,T013
TX04763,C109,T013
TX04764,C109,T013
TX04765,C109,T013
TX04766,C109,T013
TX04767,C109,T013
TX04768,C109,T013
TX04769,C109,T013
TX04770,C109,T013
TX04771,C109,T013
TX04772,C109,T013
TX04773,C109,T013
TX04774,C109,T013
TX04775,C109,T013
TX04776,C109,T013
TX04777,C109,T013
TX04778,C109,T013
TX04779,C109,T013
TX04780,C109,T013
TX04781,C109,T013
TX04782,C109,T013
TX04783,C109,T013
TX04784,C109,T013
TX04785,C109,T013
TX04786,C109,T013
TX04787,C109,T013
TX04788,C109,T013
TX04789,C109,T013
TX04790,C109,T013
TX04791,C109,T013
TX04792,C109,T013
TX04793,C109,T013
TX04794,C109,T013
TX04795,C109,T013
TX04796,C109,T013
TX04797,C109,T013
TX04798,C109,T013
TX04799,C109,T013
TX04800,C109,T013
TX04801,C109,T013
TX04802,C109,T013
TX04803,C109,T013
TX04804,C109,T013
TX04805,C109,T013
TX04806,C109,T013
TX04807,C109,T013
TX04808,C109,T013
TX04809,C109,T013
TX04810,C110,T014
TX04811,C110,T014
TX04812,C110,T014
TX04813,C110,T014
TX04814,C110,T014
TX04815,C110,T014
TX04816,C110,T014
TX04817,C110,T014
TX04818,C110,T014
TX04819,C110,T014
TX04820,C110,T014
TX04821,C110,T014
TX04822,C110,T014
TX04823,C110,T014
TX04824,C110,T014
TX04825,C110,T014
TX04826,C110,T014
TX04827,C110,T014
TX04828,C110,T014
TX04829,C110,T014
TX04830,C110,T014
TX04831,C110,T014
TX04832,C110,T014
TX04833,C110,T014
TX04834,C110,T014
TX04835,C110,T014
TX04836,C110,T014
TX04837,C110,T014
TX04838,C110,T014
TX04839,C110,T014
TX04840,C110,T014
TX04841,C110,T014
TX04842,C110,T014
TX04843,C111,T015
TX04844,C111,T015
TX04845,C111,T015
TX04846,C111,T015
TX04847,C111,T015
TX04848,C111,T015
TX04849,C111,T015
TX04850,C111,T015
TX04851,C111,T015
TX04852,C111,T015
TX04853,C111,T015
TX04854,C111,T015
TX04855,C111,T015
TX04856,C111,T015
TX04857,C111,T015
TX04858,C111,T015
TX04859,C111,T015
TX04860,C111,T015
TX04861,C111,T015
TX04862,C111,T015
TX04863,C111,T015
TX04864,C111,T015
TX04865,C111,T015
TX04866,C111,T015
TX04867,C111,T015
TX04868,C111,T015
TX04869,C111,T015
TX04870,C111,T015
TX04871,C111,T015
TX04872,C111,T015
TX04873,C111,T015
TX04874,C111,T015
TX04875,C111,T015
TX04876,C111,T015
TX04877,C111,T015
TX04878,C111,T015
TX04879,C111,T015
TX04880,C111,T015
TX04881,C111,T015
TX04882,C111,T015
TX04883,C111,T015
TX04884,C111,T015
TX04885,C111,T015
TX04886,C111,T015
TX04887,C111,T015
TX04888,C111,T015
TX04889,C111,T015
TX04890,C111,T015
TX04891,C111,T015
TX04892,C111,T015
TX04893,C111,T015
TX04894,C111,T015
TX04895,C111,T015
TX04896,C111,T015
TX04897,C111,T015
TX04898,C111,T015
TX04899,C111,T015
TX04900,C111,T015
TX04901,C111,T015
TX04902,C111,T015
TX04903,C111,T015
TX04904,C111,T015
TX04905,C111,T015
TX04906,C111,T015
TX04907,C111,T015
TX04908,C111,T015
TX04909,C111,T015
TX04910,C112,T016
TX04911,C112,T016
TX04912,C112,T016
TX04913,C112,T016
TX04914,C112,T016
TX04915,C112,T016
TX04916,C112,T016
TX04917,C112,T016
TX04918,C112,T016
TX04919,C112,T016
TX04920,C112,T016
TX04921,C112,T016
TX04922,C112,T016
TX04923,C112,T016
TX04924,C112,T016
TX04925,C112,T016
TX04926,C112,T016
TX04927,C112,T016
TX04928,C112,T016
TX04929,C112,T016
TX04930,C112,T016
TX04931,C112,T016
TX04932,C112,T016
TX04933,C112,T016
TX04934,C112,T016
TX04935,C112,T016
TX04936,C112,T016
TX04937,C112,T016
TX04938,C112,T016
TX04939,C112,T016
TX04940,C112,T016
TX04941,C112,T016
TX04942,C112,T016
TX04943,C112,T016
TX04944,C112,T016
TX04945,C112,T016
TX04946,C112,T016
TX04947,C112,T016
TX04948,C112,T016
TX04949,C112,T016
TX04950,C112,T016
TX04951,C112,T016
TX04952,C112,T016
TX04953,C112,T016
TX04954,C112,T016
TX04955,C112,T016
TX04956,C112,T016
TX04957,C112,T016
TX04958,C112,T016
TX04959,C113,T017
TX04960,C113,T017
TX04961,C113,T017
TX04962,C113,T017
TX04963,C113,T017
TX04964,C113,T017
TX04965,C113,T017
TX04966,C113,T017
TX04967,C113,T017
TX04968,C113,T017
TX04969,C113,T017
TX04970,C113,T017
TX04971,C113,T017
TX04972,C113,T017
TX04973,C113,T017
TX04974,C113,T017
TX04975,C113,T017
TX04976,C113,T017
TX04977,C113,T017
TX04978,C113,T017
TX04979,C113,T017
TX04980,C113,T017
TX04981,C113,T017
TX04982,C113,T017
TX04983,C113,T017
TX04984,C113,T017
TX04985,C113,T017
TX04986,C113,T017
TX04987,C113,T017
TX04988,C113,T017
TX04989,C113,T017
TX04990,C113,T017
TX04991,C113,T017
TX04992,C113,T017
TX04993,C113,T017
TX04994,C113,T017
TX04995,C113,T017
TX04996,C113,T017
TX04997,C114,T018
TX04998,C114,T018
TX04999,C114,T018
TX05000,C114,T018
TX05001,C114,T018
TX05002,C114,T018
TX05003,C114,T018
TX05004,C114,T018
TX05005,C114,T018
TX05006,C114,T018
TX05007,C114,T018
TX05008,C114,T018
TX05009,C114,T018
TX05010,C114,T018
TX05011,C114,T018
TX05012,C114,T018
TX05013,C114,T018
TX05014,C114,T018
TX05015,C114,T018
TX05016,C114,T018
TX05017,C114,T018
TX05018,C114,T018
TX05019,C114,T018
TX05020,C114,T018
TX05021,C114,T018
TX05022,C114,T018
TX05023,C114,T018
TX05024,C114,T018
TX05025,C114,T018
TX05026,C114,T018
TX05027,C114,T018
TX05028,C114,T018
TX05029,C114,T018
TX05030,C114,T018
TX05031,C114,T018
TX05032,C114,T018
TX05033,C114,T018
TX05034,C114,T018
TX05035,C114,T018
TX05036,C114,T018
TX05037,C114,T018
TX05038,C114,T018
TX05039,C114,T018
TX05040,C114,T018
TX05041,C114,T018
TX05042,C114,T018
TX05043,C114,T018
TX05044,C114,T018
TX05045,C114,T018
TX05046,C115,T019
TX05047,C115,T019
TX05048,C115,T019
TX05049,C115,T019
TX05050,C115,T019
TX05051,C115,T019
TX05052,C115,T019
TX05053,C115,T019
TX05054,C115,T019
TX05055,C115,T019
TX05056,C115,T019
TX05057,C115,T019
TX05058,C115,T019
TX05059,C115,T019
TX05060,C115,T019
TX05061,C115,T019
TX05062,C115,T019
TX05063,C115,T019
TX05064,C115,T019
TX05065,C115,T019
TX05066,C115,T019
TX05067,C115,T019
TX05068,C115,T019
TX05069,C115,T019
TX05070,C116,T020
TX05071,C116,T020
TX05072,C116,T020
TX05073,C116,T020
TX05074,C116,T020
TX05075,C116,T020
TX05076,C116,T020
TX05077,C116,T020
TX05078,C116,T020
TX05079,C116,T020
TX05080,C116,T020
TX05081,C116,T020
TX05082,C116,T020
TX05083,C116,T020
TX05084,C116,T020
TX05085,C116,T020
TX05086,C116,T020
TX05087,C116,T020
TX05088,C116,T020
TX05089,C116,T020
TX05090,C116,T020
TX05091,C116,T020
TX05092,C116,T020
TX05093,C116,T020
TX05094,C116,T020
TX05095,C116,T020
TX05096,C116,T020
TX05097,C116,T020
TX05098,C117,T021
TX05099,C117,T021
TX05100,C117,T021
TX05101,C117,T021
TX05102,C117,T021
TX05103,C117,T021
TX05104,C117,T021
TX05105,C117,T021
TX05106,C117,T021
TX05107,C117,T021
TX05108,C117,T021
TX05109,C117,T021
TX05110,C117,T021
TX05111,C117,T021
TX05112,C117,T021
TX05113,C117,T021
TX05114,C117,T021
TX05115,C117,T021
TX05116,C117,T021
TX05117,C117,T021
TX05118,C117,T021
TX05119,C117,T021
TX05120,C117,T021
TX05121,C117,T021
TX05122,C117,T021
TX05123,C117,T021
TX05124,C117,T021
TX05125,C117,T021
TX05126,C117,T021
TX05127,C117,T021
TX05128,C117,T021
TX05129,C117,T021
TX05130,C117,T021
TX05131,C117,T021
TX05132,C117,T021
TX05133,C117,T021
TX05134,C117,T021
TX05135,C117,T021
TX05136,C118,T022
TX05137,C118,T022
TX05138,C118,T022
TX05139,C118,T022
TX05140,C118,T022
TX05141,C118,T022
TX05142,C118,T022
TX05143,C118,T022
TX05144,C118,T022
TX05145,C118,T022
TX05146,C118,T022
TX05147,C118,T022
TX05148,C118,T022
TX05149,C118,T022
TX05150,C118,T022
TX05151,C118,T022
TX05152,C118,T022
TX05153,C118,T022
TX05154,C118,T022
TX05155,C118,T022
TX05156,C118,T022
TX05157,C118,T022
TX05158,C118,T022
TX05159,C118,T022
TX05160,C118,T022
TX05161,C118,T022
TX05162,C118,T022
TX05163,C118,T022
TX05164,C118,T022
TX05165,C118,T022
TX05166,C118,T022
TX05167,C118,T022
TX05168,C118,T022
TX05169,C118,T022
TX05170,C118,T022
TX05171,C118,T022
TX05172,C118,T022
TX05173,C118,T022
TX05174,C118,T022
TX05175,C118,T022
TX05176,C118,T022
TX05177,C118,T022
TX05178,C118,T022
TX05179,C118,T022
TX05180,C118,T022
TX05181,C118,T022
TX05182,C118,T022
TX05183,C118,T022
TX05184,C118,T022
TX05185,C118,T022
TX05186,C118,T022
TX05187,C118,T022
TX05188,C119,T023
TX05189,C119,T023
TX05190,C119,T023
TX05191,C119,T023
TX05192,C119,T023
TX05193,C119,T023
TX05194,C119,T023
TX05195,C119,T023
TX05196,C119,T023
TX05197,C119,T023
TX05198,C119,T023
TX05199,C119,T023
TX05200,C119,T023
TX05201,C119,T023
TX05202,C119,T023
TX05203,C119,T023
TX05204,C119,T023
TX05205,C119,T023
TX05206,C119,T023
TX05207,C119,T023
TX05208,C119,T023
TX05209,C119,T023
TX05210,C119,T023
TX05211,C119,T023
TX05212,C119,T023
TX05213,C119,T023
TX05214,C119,T023
TX05215,C119,T023
TX05216,C119,T023
TX05217,C119,T023
TX05218,C119,T023
TX05219,C119,T023
TX05220,C119,T023
TX05221,C119,T023
TX05222,C119,T023
TX05223,C120,T024
TX05224,C120,T024
TX05225,C120,T024
TX05226,C120,T024
TX05227,C120,T024
TX05228,C120,T024
TX05229,C120,T024
TX05230,C120,T024
TX05231,C120,T024
TX05232,C120,T024
TX05233,C120,T024
TX05234,C120,T024
TX05235,C120,T024
TX05236,C120,T024
TX05237,C120,T024
TX05238,C120,T024
TX05239,C120,T024
TX05240,C120,T024
TX05241,C120,T024
TX05242,C120,T024
TX05243,C120,T024
TX05244,C120,T024
TX05245,C120,T024
TX05246,C120,T024
TX05247,C120,T024
TX05248,C120,T024
TX05249,C120,T024
TX05250,C120,T024
TX05251,C120,T024
TX05252,C120,T024
TX05253,C120,T024
TX05254,C120,T024
TX05255,C120,T024
TX05256,C120,T024
TX05257,C120,T024
TX05258,C120,T024
TX05259,C120,T024
TX05260,C120,T024
TX05261,C120,T024
TX05262,C120,T024
TX05263,C120,T024
TX05264,C120,T024
TX05265,C120,T024
TX05266,C120,T024
TX05267,C120,T024
TX05268,C120,T024
TX05269,C120,T024
TX05270,C120,T024
TX05271,C120,T024
TX05272,C120,T024
TX05273,C120,T024
TX05274,C120,T024
